,config_hash,uid,generated_answer,retrieved_context,hit@10_triples,hit@10_entities,map@10_triples,map@10_entities,mrr@10_triples,mrr@10_entities,precision@10_triples,recall@10_triples,f1@10_triples,precision@10_entities,recall@10_entities,f1@10_entities,precision_triples,recall_triples,f1_triples,precision_entities,recall_entities,f1_entities,exact_match@10_triples,exact_match@10_entities,exact_match_triples,exact_match_entities,runtime,llm_cost,llm_tokens,cpu_count,cpu_energy_consumption,cpu_model,gpu_count,gpu_energy_consumption,gpu_model,os,ram_energy_consumption,total_energy_consumption,timestamp,tracking_duration,emissions,weave_url,question,golden_answer,source_ids,golden_doc_chunks,golden_triples,is_generated_with,topic_entity_id,knowledge_representation_type,question_type,question_type_reasoning,answer_type,answer_type_reasoning,information_type,topic_entity_value,hop_amount,based_on_template
0,d1846311350bab5b9cf21d76f89d25c1,66ce430a-6ce6-490f-8f75-ec8d260d72b6,"

The publications do not discuss the research topic known as 'Architecture Extraction.' 

- Source [ID1] focuses on architecture description languages (ADLs) and their evaluation rather than extraction processes. 
- Source [ID2] explores ""Naturalistic Decision Making in Complex Software Architecture Environments,"" concentrating on decision-making processes rather than extracting architectures.
- Source [ID3] compares REST and GraphQL architectural styles, not extraction methods.

None of the provided texts address Architecture Extraction.

","(Formally Describing Self-organizing Architectures for Systems-of-Systems on the Internet-of-Things, http://example.org/hasResearchObject, Architecture Description Language), (Architecture Description Language, http://example.org/hasEvaluation, http://ressource.org/evaluation_0), (An Exploratory Study of Naturalistic Decision Making in Complex Software Architecture Environments, http://predicate.org/publisher, SpringerLink), (An Exploratory Study of Naturalistic Decision Making in Complex Software Architecture Environments, http://example.org/hasResearchObject, Architecture Decision Making), (Architecture Decision Making, http://www.w3.org/2000/01/rdf-schema#label, Architecture Decision Making), (Architecture Decision Making, http://example.org/hasEvaluation, http://ressource.org/evaluation_2), (REST vs GraphQL: A Controlled Experiment, http://example.org/hasResearchObject, Architecture Design Method), (Architecture Design Method, http://www.w3.org/1999/02/22-rdf-syntax-ns#type, http://example.org/ResearchObject), (Architecture Design Method, http://example.org/hasEvaluation, http://ressource.org/evaluation_1), (REST vs GraphQL: A Controlled Experiment, http://predicate.org/venue, International Conference on Software Architecture (ICSA)",0.0,0.0,0.0,0.0,0.0,0.0,0.0,0.0,0.0,0.0,0.0,0.0,0.0,0.0,0.0,0.0,0.0,0.0,0.0,0.0,0.0,0.0,181.89309906959534,0.0,19327,112,0.005177840860805979,Intel(R) Xeon(R) Gold 6258R CPU @ 2.70GHz,1,0.011622749575970204,1 x Tesla V100S-PCIE-32GB,Linux-6.1.0-23-amd64-x86_64-with-glibc2.39,0.004763824176459035,0.02156441461323522,2025-02-11T13:01:00,181.9003428388387,0.008214963746911958,https://wandb.ai/kastel-sdq-meta-research/ma_mschneider_experiment_run/r/call/0194f516-7395-75f0-ad52-b072a205701c,Which publications discuss the research topic known as 'Architecture Extraction'?,The publications that discuss the research object known as 'Architecture Extraction' are: 1. 'Determination and Enforcement of Least-Privilege Architecture in Android' 2. 'Constructing a Shared Infrastructure for Software Architecture Analysis and Maintenance'.,,,"['(Determination and Enforcement of Least-Privilege Architecture in Android, http://example.org/hasResearchObject, Architecture Extraction)', '(Constructing a Shared Infrastructure for Software Architecture Analysis and Maintenance, http://example.org/hasResearchObject, Architecture Extraction)']",clustering_strategy,,,['String Operation'],String Operation is appropriate because the question requires identifying publications that mention the specific term 'Architecture Extraction'. The task involves searching for the presence of this phrase in the titles or content of the publications.,['Research'],"The question seeks information about publications related to a specific research topic, which falls under the category of research.",,,,
1,d1846311350bab5b9cf21d76f89d25c1,1861831e-094b-41e1-a26c-78a2b3d79fbc,"

None of the provided publications explicitly discuss the concept of reference architecture. Each source focuses on different aspects such as comparing REST and GraphQL, naturalistic decision making in software architecture, or evaluating Architecture Description Languages (ADLs), but none address reference architectures directly. 

**Answer:** None of the provided publications discuss the concept of a reference architecture.

","(REST vs GraphQL: A Controlled Experiment, http://example.org/hasResearchObject, Architecture Design Method), (Architecture Design Method, http://example.org/hasEvaluation, http://ressource.org/evaluation_1), (http://ressource.org/evaluation_1, http://example.org/hasFirstEvaluation, Referenced Evaluation Guideline), (An Exploratory Study of Naturalistic Decision Making in Complex Software Architecture Environments, http://example.org/hasResearchObject, Architecture Decision Making), (Architecture Decision Making, http://www.w3.org/1999/02/22-rdf-syntax-ns#type, http://example.org/ResearchObject), (Architecture Design Method, http://www.w3.org/1999/02/22-rdf-syntax-ns#type, http://example.org/ResearchObject), (Formally Describing Self-organizing Architectures for Systems-of-Systems on the Internet-of-Things, http://example.org/hasResearchObject, Architecture Description Language), (Architecture Description Language, http://www.w3.org/2000/01/rdf-schema#label, Architecture Description Language), (Architecture Design Method, http://www.w3.org/2000/01/rdf-schema#label, Architecture Design Method), (Microservice Ambients: An Architectural Meta-Modelling Approach for Microservice Granularity, http://example.org/hasResearchObject, Architecture Design Method), (Architecture Design Method, http://example.org/hasEvaluation, http://ressource.org/evaluation_4), (http://ressource.org/evaluation_4, http://example.org/hasProperty, Product Quality), (Architecture Description Language, http://www.w3.org/1999/02/22-rdf-syntax-ns#type, http://example.org/ResearchObject), (Architecture Description Language, http://example.org/hasEvaluation, http://ressource.org/evaluation_0), (http://ressource.org/evaluation_0, http://example.org/hasProperty, Product Quality), (Architecture Decision Making, http://www.w3.org/2000/01/rdf-schema#label, Architecture Decision Making), (An Exploratory Study of Naturalistic Decision Making in Complex Software Architecture Environments, http://example.org/hasResearchObject, Architecture Decision Making), (Architecture Decision Making, http://example.org/hasEvaluation, http://ressource.org/evaluation_3), (http://ressource.org/evaluation_3, http://example.org/hasEvaluationMethod, Focus Group), (Architecture Decision Making, http://example.org/hasEvaluation, http://ressource.org/evaluation_2), (REST vs GraphQL: A Controlled Experiment, http://predicate.org/venue, International Conference on Software Architecture (ICSA), (International Conference on Software Architecture (ICSA, http://www.w3.org/1999/02/22-rdf-syntax-ns#type, http://class.org/venue)",0.0,0.0,0.0,0.0,0.0,0.0,0.0,0.0,0.0,0.0,0.0,0.0,0.0,0.0,0.0,0.0,0.0,0.0,0.0,0.0,0.0,0.0,222.70248532295227,0.0,22889,112,0.00633976560610948,Intel(R) Xeon(R) Gold 6258R CPU @ 2.70GHz,1,0.014234411943071734,1 x Tesla V100S-PCIE-32GB,Linux-6.1.0-23-amd64-x86_64-with-glibc2.39,0.005832912360250854,0.02640708990943207,2025-02-11T13:04:44,222.7128929127939,0.010059780900998147,https://wandb.ai/kastel-sdq-meta-research/ma_mschneider_experiment_run/r/call/0194f519-44fa-7620-9d0b-6d4f3466803f,Which publications discuss the concept of reference architecture?,The publications that discuss the concept of Reference Architecture are 'Updating Service-Based Software Systems in Air-Gapped Environments' and 'Assessing Adaptability of Software Architectures for Cyber Physical Production Systems'. Both papers mention Reference Architecture as a key topic.,,,"['(Updating Service-Based Software Systems in Air-Gapped Environments, http://example.org/hasResearchObject, Reference Architecture)', '(Assessing Adaptability of Software Architectures for Cyber Physical Production Systems, http://example.org/hasResearchObject, Reference Architecture)']",clustering_strategy,,,"['String Operation', 'List/Combine']",String Operation is appropriate because the question requires identifying publications that mention the specific term 'reference architecture'. List/Combine is also relevant as the answer will likely involve enumerating multiple publications that discuss this concept.,"['Concept', 'Research']","The question is asking about publications that discuss the concept of reference architecture, which falls under the category of 'Concept' as it pertains to a specific idea in software architecture. Additionally, it relates to 'Research' since it seeks information on publications, indicating a need for research-related insights.",,,,
2,d1846311350bab5b9cf21d76f89d25c1,50527f73-7896-43ad-8a15-6b9c613a402e,"

The discussion on which publications address Architecture Description Language (ADL) reveals varying perspectives. According to source [1], all nine publications are relevant, highlighting aspects like evaluation and quality attributes of ADL. Conversely, sources [3] and [4] indicate that none of the provided texts discuss ADL, focusing instead on architectural styles or decision-making processes. However, source [2] specifically identifies one publication, ""Data-Driven Software Architecture for Analyzing Confidentiality,"" as discussing ADL. Thus, while some publications do address ADL, others focus on different topics without mentioning it.

[1] Source: Formally Describing Self-organizing Architectures for Systems-of-Systems on the Internet-of-Things, 10.1007/978-3-030-00761-4_2
[2] Source: Data-Driven Software Architecture for Analyzing Confidentiality, 10.1109/ICSA.2019.00009
[3] Source: REST vs GraphQL: A Controlled Experiment, 10.1109/ICSA47634.2020.00016
[4] Source: An Exploratory Study of Naturalistic Decision Making in Complex Software Architecture Environments, 10.1007/978-3-030-29983-5_4
","(Formally Describing Self-organizing Architectures for Systems-of-Systems on the Internet-of-Things, http://example.org/hasResearchObject, Architecture Description Language), (Architecture Description Language, http://example.org/hasEvaluation, http://ressource.org/evaluation_0), (Architecture Description Language, http://www.w3.org/1999/02/22-rdf-syntax-ns#type, http://example.org/ResearchObject), (Data-Driven Software Architecture for Analyzing Confidentiality, http://example.org/hasResearchObject, Architecture Description Language), (Architecture Description Language, http://www.w3.org/1999/02/22-rdf-syntax-ns#type, http://example.org/ResearchObject), (REST vs GraphQL: A Controlled Experiment, http://example.org/hasResearchObject, Architecture Design Method), (Architecture Design Method, http://www.w3.org/2000/01/rdf-schema#label, Architecture Design Method), (Architecture Design Method, http://www.w3.org/1999/02/22-rdf-syntax-ns#type, http://example.org/ResearchObject), (An Exploratory Study of Naturalistic Decision Making in Complex Software Architecture Environments, http://example.org/hasResearchObject, Architecture Decision Making), (Architecture Decision Making, http://example.org/hasEvaluation, http://ressource.org/evaluation_2), (Data-Driven Software Architecture for Analyzing Confidentiality, http://example.org/hasResearchObject, Architecture Analysis Method), (Architecture Analysis Method, http://example.org/hasEvaluation, http://ressource.org/evaluation_5)",0.667,0.5,0.5,0.688,1.0,1.0,0.22,0.67,0.33,0.3,0.75,0.43,0.18,0.67,0.29,0.25,0.75,0.38,0.2,0.3,0.167,0.25,247.9502830505371,0.0,24951,112,0.007057949114027563,Intel(R) Xeon(R) Gold 6258R CPU @ 2.70GHz,1,0.015906510780752114,1 x Tesla V100S-PCIE-32GB,Linux-6.1.0-23-amd64-x86_64-with-glibc2.39,0.006493637938081083,0.029458097832860766,2025-02-11T13:08:53,247.9620623239316,0.011222062369428309,https://wandb.ai/kastel-sdq-meta-research/ma_mschneider_experiment_run/r/call/0194f51c-b0a8-7f61-8d2f-b8d3bba70407,Which publications discuss the concept of Architecture Description Language?,The publications that discuss the concept of Architecture Description Language are: 1. 'Data-Driven Software Architecture for Analyzing Confidentiality' 2. 'Formally Describing Self-organizing Architectures for Systems-of-Systems on the Internet-of-Things' 3. 'Infrastructure-as-Code for Data-Intensive Architectures: A Model-Driven Development Approach'.,,,"['(Data-Driven Software Architecture for Analyzing Confidentiality, http://example.org/hasResearchObject, Architecture Description Language)', '(Formally Describing Self-organizing Architectures for Systems-of-Systems on the Internet-of-Things, http://example.org/hasResearchObject, Architecture Description Language)', '(Infrastructure-as-Code for Data-Intensive Architectures: A Model-Driven Development Approach, http://example.org/hasResearchObject, Architecture Description Language)']",clustering_strategy,,,['String Operation'],String Operation is appropriate because the question requires identifying publications that mention the specific term 'Architecture Description Language'. The task involves searching for the presence of this phrase in the titles or content of publications.,"['Description', 'Concept', 'Research']","The question seeks to identify publications that provide definitions or descriptions of the Architecture Description Language, which falls under the 'Description' category. It also pertains to the conceptual understanding of the language, thus fitting the 'Concept' category. Additionally, it relates to research as it inquires about scholarly publications discussing this topic.",,,,
3,d1846311350bab5b9cf21d76f89d25c1,d56ba8f9-44c8-4900-a4bb-27ef65cb9594,"

**Final Answer:**

None of the provided publications address architectural aspects related to data protection by design.

","(Data-Driven Software Architecture for Analyzing Confidentiality, http://example.org/hasResearchObject, Architecture Analysis Method), (Data-Driven Software Architecture for Analyzing Confidentiality, http://example.org/hasResearchObject, Architecture Description Language), (Architecture Analysis Method, http://www.w3.org/2000/01/rdf-schema#label, Architecture Analysis Method), (Architecture Analysis Method, http://example.org/hasEvaluation, http://ressource.org/evaluation_5), (Data-Driven Software Architecture for Analyzing Confidentiality, http://predicate.org/venue, International Conference on Software Architecture (ICSA), (Data-Driven Software Architecture for Analyzing Confidentiality, http://schema.org/datePublished, 2019), (REST vs GraphQL: A Controlled Experiment, http://example.org/hasResearchObject, Architecture Design Method), (Architecture Design Method, http://example.org/hasEvaluation, http://ressource.org/evaluation_1), (Formally Describing Self-organizing Architectures for Systems-of-Systems on the Internet-of-Things, http://example.org/hasResearchObject, Architecture Description Language), (Architecture Description Language, http://example.org/hasEvaluation, http://ressource.org/evaluation_0), (REST vs GraphQL: A Controlled Experiment, http://predicate.org/venue, International Conference on Software Architecture (ICSA), (International Conference on Software Architecture (ICSA, http://www.w3.org/2000/01/rdf-schema#label, International Conference on Software Architecture (ICSA), (An Exploratory Study of Naturalistic Decision Making in Complex Software Architecture Environments, http://predicate.org/publisher, SpringerLink), (An Exploratory Study of Naturalistic Decision Making in Complex Software Architecture Environments, http://example.org/hasResearchObject, Architecture Decision Making), (Architecture Decision Making, http://example.org/hasEvaluation, http://ressource.org/evaluation_2), (http://ressource.org/evaluation_2, http://example.org/hasEvaluationMethod, Questionnaire), (An Exploratory Study of Naturalistic Decision Making in Complex Software Architecture Environments, http://example.org/hasResearchObject, Architecture Decision Making), (Architecture Decision Making, http://example.org/hasEvaluation, http://ressource.org/evaluation_3)",0.0,0.0,0.0,0.0,0.0,0.0,0.0,0.0,0.0,0.0,0.0,0.0,0.0,0.0,0.0,0.0,0.0,0.0,0.0,0.0,0.0,0.0,242.5428740978241,0.0,24824,112,0.006904498210472392,Intel(R) Xeon(R) Gold 6258R CPU @ 2.70GHz,1,0.015554381332385958,1 x Tesla V100S-PCIE-32GB,Linux-6.1.0-23-amd64-x86_64-with-glibc2.39,0.0063524531261250905,0.028811332668983444,2025-02-11T13:12:57,242.5540853422135,0.010975677180249242,https://wandb.ai/kastel-sdq-meta-research/ma_mschneider_experiment_run/r/call/0194f520-7ef6-7292-b3ff-103bc0af0108,Which publications discuss architectural aspects related to data protection by design?,"The publications that discuss architectural aspects related to data protection by design include the paper titled ""An Architectural View for Data Protection by Design"". Additionally, the paper titled ""Architectural Security Weaknesses in Industrial Control Systems (ICS) an Empirical Study Based on Disclosed Software Vulnerabilities"" also addresses architectural aspects, although it focuses on security weaknesses rather than data protection specifically.",,,"['(An Architectural View for Data Protection by Design, http://example.org/hasResearchObject, Architectural Aspects)', '(Architectural Security Weaknesses in Industrial Control Systems (ICS) an Empirical Study Based on Disclosed Software Vulnerabilities, http://example.org/hasResearchObject, Architectural Aspects)']",clustering_strategy,,,"['List/Combine', 'String Operation']",List/Combine is appropriate because the question seeks to identify and enumerate publications that discuss specific architectural aspects related to data protection by design. String Operation is also relevant as it may involve searching for specific keywords or phrases related to 'architectural aspects' and 'data protection by design' in the titles or abstracts of the publications.,"['Research', 'Concept', 'Procedure']","The question seeks to identify publications that address architectural aspects of data protection by design, which falls under research as it pertains to exploring existing literature. It also relates to concepts in software architecture and procedures that may be involved in implementing data protection strategies.",,,,
4,d1846311350bab5b9cf21d76f89d25c1,7077bd9f-00dd-41a0-a8e9-352c27545e2a,"

The publications' discussion of architecture design methods varies:

1. **[1] and [2]** indicate that all ten publications address architecture design methods, referencing specific studies on REST vs GraphQL and microservices.

2. **[3]** provides examples of two publications discussing architecture design methods: a book on data-driven software architecture and another paper on the Architecture Analysis Method.

3. **[4]** highlights a study exploring decision-making in complex architectures, which is indirectly related to architecture design methods.

4. **[5]** contradicts by stating that none of the provided texts explicitly discuss architecture design methods, focusing instead on self-organizing architectures for IoT systems.

In conclusion, while most sources indicate discussions on architecture design methods, there is a discrepancy with one publication not covering the topic explicitly.

[1] Source: REST vs GraphQL: A Controlled Experiment, 10.1109/ICSA47634.2020.00016
[2] Source: Microservice Ambients: An Architectural Meta-Modelling Approach for Microservice Granularity, 10.1109/ICSA.2017.32
[3] Source: Data-Driven Software Architecture for Analyzing Confidentiality, 10.1109/ICSA.2019.00009
[4] Source: An Exploratory Study of Naturalistic Decision Making in Complex Software Architecture Environments, 10.1007/978-3-030-29983-5_4
[5] Source: Formally Describing Self-organizing Architectures for Systems-of-Systems on the Internet-of-Things, 10.1007/978-3-030-00761-4_2
","(REST vs GraphQL: A Controlled Experiment, http://example.org/hasResearchObject, Architecture Design Method), (Architecture Design Method, http://www.w3.org/1999/02/22-rdf-syntax-ns#type, http://example.org/ResearchObject), (Architecture Design Method, http://example.org/hasEvaluation, http://ressource.org/evaluation_1), (Microservice Ambients: An Architectural Meta-Modelling Approach for Microservice Granularity, http://example.org/hasResearchObject, Architecture Design Method), (Architecture Design Method, http://example.org/hasEvaluation, http://ressource.org/evaluation_4), (http://ressource.org/evaluation_4, http://example.org/hasEvaluationMethod, Motivating Example), (http://ressource.org/evaluation_4, http://www.w3.org/1999/02/22-rdf-syntax-ns#type, http://example.org/Evaluation), (Data-Driven Software Architecture for Analyzing Confidentiality, http://example.org/hasResearchObject, Architecture Analysis Method), (Architecture Analysis Method, http://example.org/hasEvaluation, http://ressource.org/evaluation_5), (http://ressource.org/evaluation_5, http://example.org/hasProperty, Quality of Method), (http://ressource.org/evaluation_4, http://example.org/hasProperty, Product Quality), (An Exploratory Study of Naturalistic Decision Making in Complex Software Architecture Environments, http://example.org/hasResearchObject, Architecture Decision Making), (Architecture Decision Making, http://example.org/hasEvaluation, http://ressource.org/evaluation_2), (http://ressource.org/evaluation_2, http://example.org/hasProperty, Product Quality), (Architecture Decision Making, http://www.w3.org/1999/02/22-rdf-syntax-ns#type, http://example.org/ResearchObject), (Architecture Decision Making, http://www.w3.org/2000/01/rdf-schema#label, Architecture Decision Making), (http://ressource.org/evaluation_2, http://example.org/hasEvaluationMethod, Questionnaire), (An Exploratory Study of Naturalistic Decision Making in Complex Software Architecture Environments, http://example.org/hasResearchObject, Architecture Decision Making), (Formally Describing Self-organizing Architectures for Systems-of-Systems on the Internet-of-Things, http://example.org/hasResearchObject, Architecture Description Language), (Architecture Description Language, http://example.org/hasEvaluation, http://ressource.org/evaluation_0), (Data-Driven Software Architecture for Analyzing Confidentiality, http://example.org/hasResearchObject, Architecture Description Language), (Architecture Description Language, http://www.w3.org/2000/01/rdf-schema#label, Architecture Description Language)",0.333,0.286,0.25,0.214,1.0,1.0,0.2,0.33,0.25,0.25,0.43,0.32,0.1,0.33,0.15,0.15,0.43,0.22,0.2,0.25,0.091,0.15,288.6416575908661,0.0,28371,112,0.00821648891052076,Intel(R) Xeon(R) Gold 6258R CPU @ 2.70GHz,1,0.018540779277053332,1 x Tesla V100S-PCIE-32GB,Linux-6.1.0-23-amd64-x86_64-with-glibc2.39,0.007559642248943864,0.03431691043651797,2025-02-11T13:17:47,288.6538867256604,0.01307302703079152,https://wandb.ai/kastel-sdq-meta-research/ma_mschneider_experiment_run/r/call/0194f524-3827-7143-9944-dd1a1c112739,Which publications discuss the architecture design method?,The following publications discuss the Architecture Design Method: 1. Microservice Ambients: An Architectural Meta-Modelling Approach for Microservice Granularity 2. REST vs GraphQL: A Controlled Experiment 3. A Complexity Metric for Microservices Architecture Migration 4. A Goal-Driven Approach for Deploying Self-Adaptive IoT Systems 5. A Survey on Big Data Analytics Solutions Deployment 6. A Runtime Safety Enforcement Approach by Monitoring and Adaptation.,,,"['(Microservice Ambients: An Architectural Meta-Modelling Approach for Microservice Granularity, http://example.org/hasResearchObject, Architecture Design Method)', '(REST vs GraphQL: A Controlled Experiment, http://example.org/hasResearchObject, Architecture Design Method)', '(A Complexity Metric for Microservices Architecture Migration, http://example.org/hasResearchObject, Architecture Design Method)', '(A Goal-Driven Approach for Deploying Self-Adaptive IoT Systems, http://example.org/hasResearchObject, Architecture Design Method)', '(A Survey on Big Data Analytics Solutions Deployment, http://example.org/hasResearchObject, Architecture Design Method)', '(A Runtime Safety Enforcement Approach by Monitoring and Adaptation, http://example.org/hasResearchObject, Architecture Design Method)']",clustering_strategy,,,['String Operation'],"String Operation is appropriate because the question requires identifying publications that mention a specific term, 'architecture design method', in their content. The task involves searching for the presence of this phrase in the titles or abstracts of the publications.","['Methodology', 'Research']","The question seeks information about publications related to a specific method in architecture design, which falls under the category of Methodology. Additionally, it implies a search for research-related content, thus also fitting the Research category.",,,,
