,config_hash,uid,question_result,golden_answer_result,golden_triples_result,topic_entity_id_result,topic_entity_value_result,is_generated_with_result,knowledge_representation_type_result,question_type_result,question_type_reasoning_result,answer_type_result,answer_type_reasoning_result,information_type_result,hop_amount_result,based_on_template_result,generated_answer,retrieved_context,llm_context_precision_with_reference,llm_context_precision_without_reference,non_llm_string_similarity,bleu_score,rouge_score,entity_presence,triple_presence,hit@10,runtime,llm_cost,llm_tokens,cpu_count,cpu_energy_consumption,cpu_model,gpu_count,gpu_energy_consumption,gpu_model,os,ram_energy_consumption,total_energy_consumption,timestamp,tracking_duration,emissions,question_question,golden_answer_question,source_ids,golden_doc_chunks,golden_triples_question,is_generated_with_question,topic_entity_id_question,knowledge_representation_type_question,question_type_question,question_type_reasoning_question,answer_type_question,answer_type_reasoning_question,information_type_question,topic_entity_value_question,hop_amount_question,based_on_template_question
0,2efc72ce08395f11d34a6bcff14c2656,66ce430a-6ce6-490f-8f75-ec8d260d72b6,Which publications discuss the research topic known as 'Architecture Extraction'?,The publications that discuss the research object known as 'Architecture Extraction' are: 1. 'Determination and Enforcement of Least-Privilege Architecture in Android' 2. 'Constructing a Shared Infrastructure for Software Architecture Analysis and Maintenance'.,"['(Determination and Enforcement of Least-Privilege Architecture in Android, http://example.org/hasResearchObject, Architecture Extraction)', '(Constructing a Shared Infrastructure for Software Architecture Analysis and Maintenance, http://example.org/hasResearchObject, Architecture Extraction)']",,,clustering_strategy,,['String Operation'],String Operation is appropriate because the question requires identifying publications that mention the specific term 'Architecture Extraction'. The task involves searching for the presence of this phrase in the titles or content of the publications.,['Research'],"The question seeks information about publications related to a specific research topic, which falls under the category of research.",,,," The publications that discuss the research topic known as 'Architecture Extraction' are:

1. Manoj Bhat, Klym Shumaiev, Andreas Biesdorf, Uwe Hohenstein, Florian Matthes, ""Automatic Extraction of Design Decisions from Issue Management Systems: A Machine Learning Based Approach"", European Conference on Software Architecture (ECSA), 2017.

2. Banani Roy, Amit Mondal, Chanchal Roy, Kevin Schneider, Kawser Wazed, ""Towards a Reference Architecture for Cloud-Based Plant Genotyping and Phenotyping Analysis Frameworks"", International Conference on Software Architecture (ICSA), 2017.

3. Manar Mazkatli, David Monschein, Johannes Grohmann, Anne Koziolek, ""Incremental Calibration of Architectural Performance Models with Parametric Dependencies"", International Conference on Software Architecture (ICSA), 2020.

The first and second publications discuss the extraction of architectures from issue management systems and candidate frameworks respectively. The third publication focuses on the incremental calibration of architectural performance models, which can be considered a part of architecture extraction as it involves deriving architectural information from existing software artifacts.","[Content: architecture documentation. Simultaneously, the Model Extraction extracts model elements from the architecture model. After both extraction steps, the Element Identification uses the extracted information from text and metamodel to identify potential elements in the text. Here, we focus on metamodel information to maintain the possibility to also identify architectural elements in the text that do not occur in the model. Lastly, the Element Connection connects identified elements in the text Metadata: {'authors': 'Jan Keim, Sophie Schulz, Dominik Fuch{\\ss, Claudius Kocher, Janek Speit, Anne Koziolek', 'context_type': 'vector_store', 'doi': '10.1007/978-3-030-86044-8_7', 'keywords': '', 'month': '', 'publisher': 'SpringerLink', 'research_field': 'Architectural Knowledge, Decisions, and Rationale', 'title': 'Trace Link Recovery for Software Architecture Documentation', 'venue': 'European Conference on Software Architecture (ECSA', 'year': 2021} ][Content: questions. The data necessary to answer RQ1 is extracted by inspecting the data points, and subsequently identifying which architectural patterns and libraries are con- sidered. In order to extract architectural practices (RQ2) we conduct iterative content analysis sessions 12 involving two authors of the paper. Finally, to answer RQ3, the data points are inspected to extract which QRs are deemed to be impacted by architectural decisions. The entirety of the data extracted is mapped to the Metadata: {'authors': 'Roberto Verdecchia, Ivano Malavolta, Patricia Lago', 'context_type': 'vector_store', 'doi': '10.1109/ICSA.2019.00023', 'keywords': '', 'month': '', 'publisher': 'IEEE', 'research_field': '', 'title': 'Guidelines for Architecting Android Apps: A Mixed-Method Empirical Study', 'venue': 'International Conference on Software Architecture (ICSA', 'year': 2019} ][Content: Doi: 10.1007/978-3-030-00761-4_19
Authors: Ken Power, Rebecca Wirfs{-}Brock
Title: Understanding Architecture Decisions in Context
URL: None
Month: None
Year: 2018
Venue: European Conference on Software Architecture (ECSA
Publisher: SpringerLink
Abstract: None
Research Field: Architectural Design Decisions
Keywords: Metadata: {'authors': 'Ken Power, Rebecca Wirfs{-}Brock', 'context_type': 'vector_store', 'doi': '10.1007/978-3-030-00761-4_19', 'keywords': '', 'month': '', 'publisher': 'SpringerLink', 'research_field': 'Architectural Design Decisions', 'title': 'Understanding Architecture Decisions in Context', 'venue': 'European Conference on Software Architecture (ECSA', 'year': 2018} ][Content: the text extraction step to identify possible elements out of mentions (from text) that should occur in the architecture model. The analyses of this step are independent from the actual model but can use metamodel information. This step also combines different identified mentions (see Fig. 3) to combine names and types.Take following sentence as example: “The logic entity gets its data from the database component”. Here, the text extractor classifies database as name and component as type and Metadata: {'authors': 'Jan Keim, Sophie Schulz, Dominik Fuch{\\ss, Claudius Kocher, Janek Speit, Anne Koziolek', 'context_type': 'vector_store', 'doi': '10.1007/978-3-030-86044-8_7', 'keywords': '', 'month': '', 'publisher': 'SpringerLink', 'research_field': 'Architectural Knowledge, Decisions, and Rationale', 'title': 'Trace Link Recovery for Software Architecture Documentation', 'venue': 'European Conference on Software Architecture (ECSA', 'year': 2021} ][Content: Software Architecture. accepted, to appear. 2020. 44 J urgen Walter et al. An Expandable Extraction Frame- work for Architectural Performance Models. In: Pro- ceedings of the 3rd International Workshop on Quality- Aware DevOps (QUDOS17). ACM, Apr. Metadata: {'authors': 'David Monschein, Manar Mazkatli, Robert Heinrich, Anne Koziolek', 'context_type': 'vector_store', 'doi': '10.1109/ICSA51549.2021.00009', 'keywords': '', 'month': '', 'publisher': 'IEEE', 'research_field': '', 'title': 'Enabling Consistency between Software Artefacts for Software Adaption and Evolution', 'venue': 'International Conference on Software Architecture (ICSA', 'year': 2021} ][Content: Definition and Automatic Detection of Architecture Smells, in 2015 12th Working IEEE IFIP Conference on Software Architecture (WICSA), May 2015, pp. 5160. 18 R. Kazman, Y. Cai, R. Mo, Q. Feng, L. Xiao, S. Haziyev, V. Fedak, and A. Shapochka, A case study in locating the architectural roots of technical debt, in Proceedings of the 37th International Conference on Software Engineering-Volume 2. IEEE Press, 2015, pp. 179188. 19 S. Ducasse and D. Pollet, Software architecture reconstruction: A Metadata: {'authors': 'Joshua Garcia, Mehdi Mirakhorli, Lu Xiao, Yutong Zhao, Ibrahim Mujhid, Khoi Pham, Ahmet Okutan, Sam Malek, Rick Kazman, Yuanfang Cai, Nenad Medvidovic', 'context_type': 'vector_store', 'doi': '10.1109/ICSA51549.2021.00022', 'keywords': '', 'month': '', 'publisher': 'IEEE', 'research_field': '', 'title': 'Constructing a Shared Infrastructure for Software Architecture Analysis and Maintenance', 'venue': 'International Conference on Software Architecture (ICSA', 'year': 2021} ][Content: analyze enterprise architecture models written in the ArchiMate languageFootnote 7. While our platform also provides means for visualizing and analyzing architecture models, a central aspect of our work is to automatically extract architecture models from the system implementation and to keep architecture information up-to-date on a daily basis.7 ConclusionArchitecture information is vital for many software development activities. This applies especially for large-scale software systems being Metadata: {'authors': 'Georg Buchgeher, Rainer Weinreich, Heinz Huber', 'context_type': 'vector_store', 'doi': '10.1007/978-3-030-00761-4_14', 'keywords': '', 'month': '', 'publisher': 'SpringerLink', 'research_field': 'Service-Oriented Architectures', 'title': 'A Platform for the Automated Provisioning of Architecture Information for Large-Scale Service-Oriented Software Systems', 'venue': 'European Conference on Software Architecture (ECSA', 'year': 2018} ][Content: Doi: 10.1109/ICSA.2018.00019
Authors: Arman Shahbazian, Youn Lee, Duc Le, Yuriy Brun, Nenad Medvidovic
Title: Recovering Architectural Design Decisions
URL: None
Month: None
Year: 2018
Venue: International Conference on Software Architecture (ICSA
Publisher: IEEE
Abstract: None
Research Field: None
Keywords: Metadata: {'authors': 'Arman Shahbazian, Youn Lee, Duc Le, Yuriy Brun, Nenad Medvidovic', 'context_type': 'vector_store', 'doi': '10.1109/ICSA.2018.00019', 'keywords': '', 'month': '', 'publisher': 'IEEE', 'research_field': '', 'title': 'Recovering Architectural Design Decisions', 'venue': 'International Conference on Software Architecture (ICSA', 'year': 2018} ][Content: a daily basis - is likely to exceed the available resources for architecture documentation, at least if documenting has to be performed manually. Automating the creation of documentation can help. However, this means that approaches for automated architecture information extraction and documentation are capable of (1) extracting architecture information at the abstraction level required by stakeholders and (2) dealing with the size of large-scale systems and the resulting amount of data that Metadata: {'authors': 'Georg Buchgeher, Rainer Weinreich, Heinz Huber', 'context_type': 'vector_store', 'doi': '10.1007/978-3-030-00761-4_14', 'keywords': '', 'month': '', 'publisher': 'SpringerLink', 'research_field': 'Service-Oriented Architectures', 'title': 'A Platform for the Automated Provisioning of Architecture Information for Large-Scale Service-Oriented Software Systems', 'venue': 'European Conference on Software Architecture (ECSA', 'year': 2018} ][Content: Mirakhorli, H. Chen, and R. Kazman, Mining big data for detecting, extracting and recommending architectural design concepts, in 1st IEEE ACM International Workshop on Big Data Software Engineering, BIGDSE 2015, Florence, Italy, May 23, 2015, L. Baresi, T. Menzies, A. Metzger, and T. Zimmermann, Eds. IEEE Computer Society, 2015, pp. 1518. Online . Available: https: doi.org 10.1109 BIGDSE.2015.11 33 M. Bhat, C. Tinnes, K. Shumaiev, A. Biesdorf, U. Hohenstein, and F. Matthes, Adex: A tool for Metadata: {'authors': 'Ali Shokri, Joanna Santos, Mehdi Mirakhorli', 'context_type': 'vector_store', 'doi': '10.1109/ICSA51549.2021.00021', 'keywords': '', 'month': '', 'publisher': 'IEEE', 'research_field': '', 'title': 'ArCode: Facilitating the Use of Application Frameworks to Implement Tactics and Patterns', 'venue': 'International Conference on Software Architecture (ICSA', 'year': 2021} ][Content: components, and technologies which correspond to the architectural elements in software systems. Using the DBpedia ontology, we can extract architectural elements from text with an accuracy (F1-score) of 84 27 . For each issue labeled as design decision by the decision detector component, the annotator component extracts the architec- tural elements from its textual description and persists it in 1https: wwwmatthes.in.tum.de pages 2gh0u9d1afap 2https: wwwmatthes.in.tum.de pages 9gvnwulxb4in Metadata: {'authors': 'Manoj Bhat, Klym Shumaiev, Kevin Koch, Uwe Hohenstein, Andreas Biesdorf, Florian Matthes', 'context_type': 'vector_store', 'doi': '10.1109/ICSA.2018.00018', 'keywords': '', 'month': '', 'publisher': 'IEEE', 'research_field': '', 'title': 'An Expert Recommendation System for Design Decision Making: Who Should be Involved in Making a Design Decision?', 'venue': 'International Conference on Software Architecture (ICSA', 'year': 2018} ][Content: archi- tecture recovery process based on object-oriented source code and documentation. In Muhammad Ali Babar and Ian Gorton, editors, Software Architecture, 4th European Conference, ECSA 2010, Copenhagen, Denmark, August 23-26, 2010. Proceedings, volume 6285 of Lecture Notes in Computer Science, pages 409416. Springer, 2010. 11 Sylvain Chardigny, Abdelhak Seriai, Mourad Ous- salah, and Dalila Tamzalit. Search-based extraction of component-based architecture from object-oriented systems. In Metadata: {'authors': 'Anfel Selmadji, Abdelhak{-}Djamel Seriai, Hinde{-}Lilia Bouziane, Rahina Mahamane, Pascal Zaragoza, Christophe Dony', 'context_type': 'vector_store', 'doi': '10.1109/ICSA47634.2020.00023', 'keywords': '', 'month': '', 'publisher': 'IEEE', 'research_field': '', 'title': 'From Monolithic Architecture Style to Microservice one Based on a Semi-Automatic Approach', 'venue': 'International Conference on Software Architecture (ICSA', 'year': 2020} ][Content: As discussed by Kazman et al. [16], architecture needs to be made explicit to avoid knowledge vaporization and to favor the knowledge acquisition process for newcomers and adopters of the project. The extraction of design decisions from issues will support the process of capturing AK in the AKM tools, which will in turn enable various use cases including reasoning, recommendations, traceability, and report generation for stakeholders. In addition, automatically classifying the extracted Metadata: {'authors': 'Manoj Bhat, Klym Shumaiev, Andreas Biesdorf, Uwe Hohenstein, Florian Matthes', 'context_type': 'vector_store', 'doi': '10.1007/978-3-319-65831-5_10', 'keywords': '', 'month': '', 'publisher': 'SpringerLink', 'research_field': 'Architectural Decisions', 'title': 'Automatic Extraction of Design Decisions from Issue Management Systems: A Machine Learning Based Approach', 'venue': 'European Conference on Software Architecture (ECSA', 'year': 2017} ][Content: Kazman et al. 18 used this step in their architectural analysis implicitly. In this paper, we make this step explicit in our proposed methodology. Our understanding is that when SAAM is applied to an already implemented system, it is an effective step to execute during the architectural analysis. Moreover, this step is also helpful for developing various usage scenarios. Step 2. Candidate Architecture Extraction: In this step, we extracted the architectures of candidate frameworks using various Metadata: {'authors': 'Banani Roy, Amit Mondal, Chanchal Roy, Kevin Schneider, Kawser Wazed', 'context_type': 'vector_store', 'doi': '10.1109/ICSA.2017.42', 'keywords': '', 'month': '', 'publisher': 'IEEE', 'research_field': '', 'title': 'Towards a Reference Architecture for Cloud-Based Plant Genotyping and Phenotyping Analysis Frameworks', 'venue': 'International Conference on Software Architecture (ICSA', 'year': 2017} ][Content: Architecture Models. In: 17. Workshop Software- Reengineering und-Evolution. Vol. 4. 2015. 33 Michael Langhammer et al. Automated extraction of rich software models from limited system information. In: 2016 13th Working IEEE IFIP Conference on Soft- ware Architecture (WICSA). IEEE. 2016. 34 Sven Leonhardt et al. Integration of Existing Software Artifacts into a View- and Change-Driven Development Approach. In: Proceedings of the 2015 Joint MORSE - VAO Workshop on Model-Driven Robot Software Metadata: {'authors': 'Manar Mazkatli, David Monschein, Johannes Grohmann, Anne Koziolek', 'context_type': 'vector_store', 'doi': '10.1109/ICSA47634.2020.00011', 'keywords': '', 'month': '', 'publisher': 'IEEE', 'research_field': '', 'title': 'Incremental Calibration of Architectural Performance Models with Parametric Dependencies', 'venue': 'International Conference on Software Architecture (ICSA', 'year': 2020} ]",0.91,1.0,0.19,0.07,0.22,1.0,0.0,0.0,35.215625524520874,0.0,0,112,0.0010028397892493054,Intel(R) Xeon(R) Gold 6258R CPU @ 2.70GHz,1,0.002205751764599917,1 x Tesla V100S-PCIE-32GB,Linux-6.1.0-23-amd64-x86_64-with-glibc2.39,0.0009226079193083927,0.004131199473157614,2025-01-11T19:28:02,35.22984767699381,0.0015737804392993932,Which publications discuss the research topic known as 'Architecture Extraction'?,The publications that discuss the research object known as 'Architecture Extraction' are: 1. 'Determination and Enforcement of Least-Privilege Architecture in Android' 2. 'Constructing a Shared Infrastructure for Software Architecture Analysis and Maintenance'.,,,"['(Determination and Enforcement of Least-Privilege Architecture in Android, http://example.org/hasResearchObject, Architecture Extraction)', '(Constructing a Shared Infrastructure for Software Architecture Analysis and Maintenance, http://example.org/hasResearchObject, Architecture Extraction)']",clustering_strategy,,,['String Operation'],String Operation is appropriate because the question requires identifying publications that mention the specific term 'Architecture Extraction'. The task involves searching for the presence of this phrase in the titles or content of the publications.,['Research'],"The question seeks information about publications related to a specific research topic, which falls under the category of research.",,,,
1,2efc72ce08395f11d34a6bcff14c2656,1861831e-094b-41e1-a26c-78a2b3d79fbc,Which publications discuss the concept of reference architecture?,The publications that discuss the concept of Reference Architecture are 'Updating Service-Based Software Systems in Air-Gapped Environments' and 'Assessing Adaptability of Software Architectures for Cyber Physical Production Systems'. Both papers mention Reference Architecture as a key topic.,"['(Updating Service-Based Software Systems in Air-Gapped Environments, http://example.org/hasResearchObject, Reference Architecture)', '(Assessing Adaptability of Software Architectures for Cyber Physical Production Systems, http://example.org/hasResearchObject, Reference Architecture)']",,,clustering_strategy,,"['String Operation', 'List/Combine']",String Operation is appropriate because the question requires identifying publications that mention the specific term 'reference architecture'. List/Combine is also relevant as the answer will likely involve enumerating multiple publications that discuss this concept.,"['Concept', 'Research']","The question is asking about publications that discuss the concept of reference architecture, which falls under the category of 'Concept' as it pertains to a specific idea in software architecture. Additionally, it relates to 'Research' since it seeks information on publications, indicating a need for research-related insights.",,,," The question cannot be fully answered with the provided context as none of the publications explicitly discuss the concept of reference architecture. However, it is worth noting that the publication ""Exploring Web Search Engines to Find Architectural Knowledge"" (Doi: 10.1109/ICSA51549.2021.00023) might implicitly touch upon the concept of reference architecture, as it discusses finding architectural knowledge in general.","[Content: Microsoft Azure Machine Learning DesignerFootnote 26, Amazon SageMakerFootnote 27, Alibaba Machine Learning PlatformFootnote 28.4 Related WorkThe most widely mentioned definition of a reference architecture is defined by Bass et al. [4] as “a reference model mapped onto software elements (that cooperatively implement the functionality defined in the reference model) and the data flow between them. Whereas a reference model divides the functionality, a reference architecture is the mapping of Metadata: {'authors': 'Sin Lo, Qinghua Lu, Hye-Young Paik, Liming Zhu', 'context_type': 'vector_store', 'doi': '10.1007/978-3-030-86044-8_6', 'keywords': '', 'month': '', 'publisher': 'SpringerLink', 'research_field': 'Machine Learning For Software Architecture', 'title': 'FLRA: A Reference Architecture for Federated Learning Systems', 'venue': 'European Conference on Software Architecture (ECSA', 'year': 2021} ][Content: reference architecture is built from scratch based on the patterns and requirements collected through qualitative analyses, we evaluated the architecture by building a convincing body of evidence to support the reference architecture, which is different from conventional evaluation approaches. We employed the qualitative validation method known as triangulation [34]. The basic idea is to gather different types of evidence to support a proposition. The evidence might come from different sources, Metadata: {'authors': 'Sin Lo, Qinghua Lu, Hye-Young Paik, Liming Zhu', 'context_type': 'vector_store', 'doi': '10.1007/978-3-030-86044-8_6', 'keywords': '', 'month': '', 'publisher': 'SpringerLink', 'research_field': 'Machine Learning For Software Architecture', 'title': 'FLRA: A Reference Architecture for Federated Learning Systems', 'venue': 'European Conference on Software Architecture (ECSA', 'year': 2021} ][Content: addressed by researchers. The empirical evidence associated with each quality attribute and business need is analysed and validated as the support for the design proposition of the reference architecture. After the generation of theory for the hypothesis of the reference architecture, we designed the reference architecture according to the theory.2.2 Confirmation of TheoryIn this stage, we confirmed and verified the viability and applicability of the reference architecture proposed. Since this Metadata: {'authors': 'Sin Lo, Qinghua Lu, Hye-Young Paik, Liming Zhu', 'context_type': 'vector_store', 'doi': '10.1007/978-3-030-86044-8_6', 'keywords': '', 'month': '', 'publisher': 'SpringerLink', 'research_field': 'Machine Learning For Software Architecture', 'title': 'FLRA: A Reference Architecture for Federated Learning Systems', 'venue': 'European Conference on Software Architecture (ECSA', 'year': 2021} ][Content: on Entertainment Computing, Trondheim, Norway, Dec. 2015. 9 L. Bass, P. Clements, and R. Kazman, Software Architecture in Practice. Vancouver, Canada: Addison Wesley, 2003. 10 E. Y. Nakagawa, M. Guessi, J. C. Maldonado, D. Feitosa, and F. Oquendo, Consolidating a process for the design, representation, and evaluation of reference architecture, in Proc. of Working IEEE IFIP Conference on Software Architecture (WICSA 2014), Sydney, Australia, Apr. 2014. 11 W. K. Mizutani, V. K. Daros, and F. Kon, Metadata: {'authors': 'Wilson Mizutani, Fabio Kon', 'context_type': 'vector_store', 'doi': '10.1109/ICSA47634.2020.00014', 'keywords': '', 'month': '', 'publisher': 'IEEE', 'research_field': '', 'title': 'Unlimited Rulebook: a Reference Architecture for Economy Mechanics in Digital Games', 'venue': 'International Conference on Software Architecture (ICSA', 'year': 2020} ][Content: that functionality onto a system decomposition.” Nakagawa et al. collected a series of definitions of reference architectures by various researchers and summarised them as follows: “the reference architecture encompasses the knowledge about how to design system architectures of a given application domain. It must address the business rules, architectural styles (sometimes also defined as architectural patterns that address quality attributes in the reference architecture), best practices of Metadata: {'authors': 'Sin Lo, Qinghua Lu, Hye-Young Paik, Liming Zhu', 'context_type': 'vector_store', 'doi': '10.1007/978-3-030-86044-8_6', 'keywords': '', 'month': '', 'publisher': 'SpringerLink', 'research_field': 'Machine Learning For Software Architecture', 'title': 'FLRA: A Reference Architecture for Federated Learning Systems', 'venue': 'European Conference on Software Architecture (ECSA', 'year': 2021} ][Content: as it would be outside the scope of this work. Technical Reference Architectures. There was a general understanding that the technical reference architectures were kept simple so to express the uniqueness of each of them. Respondents recognised that the proposed technical reference architectures could be valid instruments for enabling discussions on current and future architectural solutions for automotive systems. VI. RELATED WORK The work in 10 proposes a first draft of an architecture Metadata: {'authors': 'Alessio Bucaioni, Patrizio Pelliccione', 'context_type': 'vector_store', 'doi': '10.1109/ICSA47634.2020.00013', 'keywords': '', 'month': '', 'publisher': 'IEEE', 'research_field': '', 'title': 'Technical Architectures for Automotive Systems', 'venue': 'International Conference on Software Architecture (ICSA', 'year': 2020} ][Content: [4]: (1) an Architectural Pattern describing architectural elements and connectors, with constraints on how they can be combined, achieving flexibility; (2) a Reference Model decomposing functionality into elements (and data between them) that cooperatively satisfy the organization needs; (3) a Reference Architecture mapping the Reference Model onto system elements and defining the data flows between them. Whereas a reference model splits functionalities, a reference architecture is the mapping Metadata: {'authors': 'Mauro Caporuscio, Farid Edrisi, Margrethe Hallberg, Anton Johannesson, Claudia Kopf, Diego Perez{-}Palacin', 'context_type': 'vector_store', 'doi': '10.1007/978-3-030-58923-3_18', 'keywords': '', 'month': '', 'publisher': 'SpringerLink', 'research_field': 'Experiences and Learnings from Industrial Case Studies', 'title': 'Architectural Concerns for Digital Twin of the Organization', 'venue': 'European Conference on Software Architecture (ECSA', 'year': 2020} ][Content: Kruchten, P. Lago, P. Grisham, and D. Perry, Sharig and Reusing Architectural KnowledgeArchitecture, Rationale, and Design Intent, in Companion to the Proceedings of the 29th International Conference on Software Engineering, Washington, DC, USA, 2007, pp. 109110. 23 R. Capilla, A. Jansen, A. Tang, P. Avgeriou, and M. A. Babar, 10 years of software architecture knowledge management: Practice and future, J. Syst. Softw., vol. 116, pp. 191205, Jun. 2016. 24 C. Hofmeister, P. Kruchten, R. L. Nord, Metadata: {'authors': 'Bastian Tenbergen, Marian Daun, Patricia Obe, Jennifer Brings', 'context_type': 'vector_store', 'doi': '10.1109/ICSA.2018.00030', 'keywords': '', 'month': '', 'publisher': 'IEEE', 'research_field': '', 'title': 'View-Centric Context Modeling to Foster the Engineering of Cyber-Physical System Networks', 'venue': 'International Conference on Software Architecture (ICSA', 'year': 2018} ][Content: ing their linkages. All the attendees found the technical reference architecture useful for describing arbitrary do- main centralised E E. Actions taken. We found the comment on the relations among connection elements to be of interest, but mostly related to the metamodel rather than on the feature model or the reference architecture itself. Technical Reference Vehicle Centralised E E Architecture. All the experts agreed on the usefulness of this technical reference architecture. Two of them Metadata: {'authors': 'Alessio Bucaioni, Patrizio Pelliccione', 'context_type': 'vector_store', 'doi': '10.1109/ICSA47634.2020.00013', 'keywords': '', 'month': '', 'publisher': 'IEEE', 'research_field': '', 'title': 'Technical Architectures for Automotive Systems', 'venue': 'International Conference on Software Architecture (ICSA', 'year': 2020} ][Content: Report UIB-2003-02, May 2003. 24 R. Capilla, O. Zimmermann, U. Zdun, P. Avgeriou, and J. M. K uster, An Enhanced Architectural Knowledge Metamodel Linking Architectural Design Decisions to other Artifacts in the Software Engineering Lifecycle. Berlin, Heidelberg: Springer Berlin Heidelberg, 2011, pp. 303318. 25 O. Zimmermann, C. Miksovic, and J. M. K uster, Reference architecture, metamodel, and modeling principles for archi- tectural knowledge management in information technology services, J. Metadata: {'authors': 'Michael Szvetits, Uwe Zdun', 'context_type': 'vector_store', 'doi': '10.1109/ICSA.2018.00021', 'keywords': '', 'month': '', 'publisher': 'IEEE', 'research_field': '', 'title': 'Architectural Design Decisions for Systems Supporting Model-Based Analysis of Runtime Events: A Qualitative Multi-method Study', 'venue': 'International Conference on Software Architecture (ICSA', 'year': 2018} ][Content: not focus the analysis of runtime events and their levels of detail does not suffice to derive architectural decisions (e.g., they point out the importance of traceability, but give no indications of the architectural options to realize it). Instead, we relied on the coverage of the literature review and re-examined its data set of 283 referenced papers to extract architecture relevant concepts (e.g., patterns, modeling habits, languages, middlewares, development techniques) and gradually iden- Metadata: {'authors': 'Michael Szvetits, Uwe Zdun', 'context_type': 'vector_store', 'doi': '10.1109/ICSA.2018.00021', 'keywords': '', 'month': '', 'publisher': 'IEEE', 'research_field': '', 'title': 'Architectural Design Decisions for Systems Supporting Model-Based Analysis of Runtime Events: A Qualitative Multi-method Study', 'venue': 'International Conference on Software Architecture (ICSA', 'year': 2018} ][Content: The paper is structured as follows: In Sect. 2, we provide a background on relevant AK concepts. In Sect. 3, we explain our research questions and steps. We then present our results in Sects. 4, 5 and 6, which are subsequently discussed in Sect. 7. The threats to validity and related work are discussed in Sects. 8 and 9, while the paper is concluded in Sect. 10.2 Background - Architectural Knowledge ConceptsIn this section, we give an overview of AK concepts in the literature, which are Metadata: {'authors': 'Mohamed Soliman, Matthias Galster, Paris Avgeriou', 'context_type': 'vector_store', 'doi': '10.1007/978-3-030-86044-8_8', 'keywords': '', 'month': '', 'publisher': 'SpringerLink', 'research_field': 'Architectural Knowledge, Decisions, and Rationale', 'title': 'An Exploratory Study on Architectural Knowledge in Issue Tracking Systems', 'venue': 'European Conference on Software Architecture (ECSA', 'year': 2021} ][Content: 4 RQ1: Representation of AK Concepts in IssuesBased on the analysis of architectural issues (see Sect. 3), we identified the representation of AK concepts in terms of common textual variants for each AK concept. The most frequent textual variants for the most common AK concepts (see Sect. 5) are explained in Tables 1, 2, and 3. Further variants are provided onlineFootnote 3. Some of the decision factors (Table 1) and rationale AK concepts (Table 2) occur explicitly or implicitly. The explicit Metadata: {'authors': 'Mohamed Soliman, Matthias Galster, Paris Avgeriou', 'context_type': 'vector_store', 'doi': '10.1007/978-3-030-86044-8_8', 'keywords': '', 'month': '', 'publisher': 'SpringerLink', 'research_field': 'Architectural Knowledge, Decisions, and Rationale', 'title': 'An Exploratory Study on Architectural Knowledge in Issue Tracking Systems', 'venue': 'European Conference on Software Architecture (ECSA', 'year': 2021} ][Content: Riebisch, Developing an Ontology for Architecture Knowledge from Developer Communities, in IEEE IFIP ICSA 2017, 4 2017, pp. 8992. Online . Available: https: www.inf.uni- hamburg.de en inst ab swk research publications pdf 2017-soliman- icsa.pdf 8 A. Barua, S. W. Thomas, and A. E. Hassan, What Are Developers Talking About? An Analysis of Topics and Trends in Stack Overflow, Empirical Softw. Engg., vol. 19, no. 3, pp. 619654, 6 2014. 9 I. Gorton, J. Klein, and A. Nurgaliev, Architecture Knowledge Metadata: {'authors': 'Mohamed Soliman, Marion Wiese, Yikun Li, Matthias Riebisch, Paris Avgeriou', 'context_type': 'vector_store', 'doi': '10.1109/ICSA51549.2021.00023', 'keywords': '', 'month': '', 'publisher': 'IEEE', 'research_field': '', 'title': 'Exploring Web Search Engines to Find Architectural Knowledge', 'venue': 'International Conference on Software Architecture (ICSA', 'year': 2021} ][Content: Doi: 10.1109/ICSA.2019.00024
Authors: Rebekka Wohlrab, Ulf Eliasson, Patrizio Pelliccione, Rogardt Heldal
Title: Improving the Consistency and Usefulness of Architecture Descriptions: Guidelines for Architects
URL: None
Month: None
Year: 2019
Venue: International Conference on Software Architecture (ICSA
Publisher: IEEE
Abstract: None
Research Field: None
Keywords: Metadata: {'authors': 'Rebekka Wohlrab, Ulf Eliasson, Patrizio Pelliccione, Rogardt Heldal', 'context_type': 'vector_store', 'doi': '10.1109/ICSA.2019.00024', 'keywords': '', 'month': '', 'publisher': 'IEEE', 'research_field': '', 'title': 'Improving the Consistency and Usefulness of Architecture Descriptions: Guidelines for Architects', 'venue': 'International Conference on Software Architecture (ICSA', 'year': 2019} ]",1.0,0.32,0.29,0.04,0.24,1.0,0.0,0.0,25.280587673187256,0.0,0,112,0.0007199062066326506,Intel(R) Xeon(R) Gold 6258R CPU @ 2.70GHz,1,0.00157849431835011,1 x Tesla V100S-PCIE-32GB,Linux-6.1.0-23-amd64-x86_64-with-glibc2.39,0.0006623494651497592,0.0029607499901325197,2025-01-11T19:28:56,25.289883628021926,0.0011278977087409833,Which publications discuss the concept of reference architecture?,The publications that discuss the concept of Reference Architecture are 'Updating Service-Based Software Systems in Air-Gapped Environments' and 'Assessing Adaptability of Software Architectures for Cyber Physical Production Systems'. Both papers mention Reference Architecture as a key topic.,,,"['(Updating Service-Based Software Systems in Air-Gapped Environments, http://example.org/hasResearchObject, Reference Architecture)', '(Assessing Adaptability of Software Architectures for Cyber Physical Production Systems, http://example.org/hasResearchObject, Reference Architecture)']",clustering_strategy,,,"['String Operation', 'List/Combine']",String Operation is appropriate because the question requires identifying publications that mention the specific term 'reference architecture'. List/Combine is also relevant as the answer will likely involve enumerating multiple publications that discuss this concept.,"['Concept', 'Research']","The question is asking about publications that discuss the concept of reference architecture, which falls under the category of 'Concept' as it pertains to a specific idea in software architecture. Additionally, it relates to 'Research' since it seeks information on publications, indicating a need for research-related insights.",,,,
2,2efc72ce08395f11d34a6bcff14c2656,50527f73-7896-43ad-8a15-6b9c613a402e,Which publications discuss the concept of Architecture Description Language?,The publications that discuss the concept of Architecture Description Language are: 1. 'Data-Driven Software Architecture for Analyzing Confidentiality' 2. 'Formally Describing Self-organizing Architectures for Systems-of-Systems on the Internet-of-Things' 3. 'Infrastructure-as-Code for Data-Intensive Architectures: A Model-Driven Development Approach'.,"['(Data-Driven Software Architecture for Analyzing Confidentiality, http://example.org/hasResearchObject, Architecture Description Language)', '(Formally Describing Self-organizing Architectures for Systems-of-Systems on the Internet-of-Things, http://example.org/hasResearchObject, Architecture Description Language)', '(Infrastructure-as-Code for Data-Intensive Architectures: A Model-Driven Development Approach, http://example.org/hasResearchObject, Architecture Description Language)']",,,clustering_strategy,,['String Operation'],String Operation is appropriate because the question requires identifying publications that mention the specific term 'Architecture Description Language'. The task involves searching for the presence of this phrase in the titles or content of publications.,"['Description', 'Concept', 'Research']","The question seeks to identify publications that provide definitions or descriptions of the Architecture Description Language, which falls under the 'Description' category. It also pertains to the conceptual understanding of the language, thus fitting the 'Concept' category. Additionally, it relates to research as it inquires about scholarly publications discussing this topic.",,,," The provided context does not explicitly discuss the concept of Architecture Description Language (ADL). However, it mentions a few publications related to architecture knowledge and ontology, which are closely related to ADL. For instance, the work by T. R. Gruber in 1993 introduces a translation approach to portable ontology specifications, which can be seen as a step towards defining an ADL for software architecture. Additionally, the book ""Introduction to Information Retrieval"" by C. D. Manning, P. Raghavan, and H. Schutze (2008) might contain information about ADLs in the context of information retrieval. To fully answer this question, more specific references to Architecture Description Language would be required.","[Content: architecture description language, in Proceedings Working IEEE IFIP Conference on Software Architecture. IEEE, 2001, pp. 103 112. 96 E. M. Dashofy, A. v. d. Hoek, and R. N. Taylor, A comprehensive ap- proach for the development of modular software architecture description languages, ACM Transactions on Software Engineering and Methodology (TOSEM), vol. Metadata: {'authors': 'Joshua Garcia, Mehdi Mirakhorli, Lu Xiao, Yutong Zhao, Ibrahim Mujhid, Khoi Pham, Ahmet Okutan, Sam Malek, Rick Kazman, Yuanfang Cai, Nenad Medvidovic', 'context_type': 'vector_store', 'doi': '10.1109/ICSA51549.2021.00022', 'keywords': '', 'month': '', 'publisher': 'IEEE', 'research_field': '', 'title': 'Constructing a Shared Infrastructure for Software Architecture Analysis and Maintenance', 'venue': 'International Conference on Software Architecture (ICSA', 'year': 2021} ][Content: 1 IntroductionAn architecture description is the practice of recording software, system, and enterprise architectures so that architectures can be understood, documented, analyzed and realized [1]. Accordingly, a number of architecture frameworks, architecture description languages, and different views and viewpoints have been proposed in the years [2,3,4,5], each one focussing on a specific application domain, set of views and viewpoints, or concerns. As clearly remarked since more than two Metadata: {'authors': 'Mohammad Sharaf, Moamin Abughazala, Henry Muccini, Mai Abusair', 'context_type': 'vector_store', 'doi': '10.1007/978-3-319-65831-5_7', 'keywords': '', 'month': '', 'publisher': 'SpringerLink', 'research_field': 'Automatic Generation', 'title': 'An Architecture Framework for Modelling and Simulation of Situational-Aware Cyber-Physical Systems', 'venue': 'European Conference on Software Architecture (ECSA', 'year': 2017} ][Content: Doi: 10.1109/ICSA.2019.00024
Authors: Rebekka Wohlrab, Ulf Eliasson, Patrizio Pelliccione, Rogardt Heldal
Title: Improving the Consistency and Usefulness of Architecture Descriptions: Guidelines for Architects
URL: None
Month: None
Year: 2019
Venue: International Conference on Software Architecture (ICSA
Publisher: IEEE
Abstract: None
Research Field: None
Keywords: Metadata: {'authors': 'Rebekka Wohlrab, Ulf Eliasson, Patrizio Pelliccione, Rogardt Heldal', 'context_type': 'vector_store', 'doi': '10.1109/ICSA.2019.00024', 'keywords': '', 'month': '', 'publisher': 'IEEE', 'research_field': '', 'title': 'Improving the Consistency and Usefulness of Architecture Descriptions: Guidelines for Architects', 'venue': 'International Conference on Software Architecture (ICSA', 'year': 2019} ][Content: practices of recording software, system, and enterprise architectures so that architectures can be understood, doc- umented, analyzed and realized. Architecture descriptions take on many forms, from informal to rigorously specified models. The content model for an architecture description is illus- trated in Figure 1. Architecture viewpoint is a fundamental building block representing common ways of expressing recurring architectural concerns reusable across projects and organizations. It Metadata: {'authors': 'Henry Muccini, Mohammad Sharaf', 'context_type': 'vector_store', 'doi': '10.1109/ICSA.2017.21', 'keywords': '', 'month': '', 'publisher': 'IEEE', 'research_field': '', 'title': 'CAPS: Architecture Description of Situational Aware Cyber Physical Systems', 'venue': 'International Conference on Software Architecture (ICSA', 'year': 2017} ][Content: R. N.Taylor, A classification and comparison framework for software architecture description languages, IEEE Trans. Softw. Eng., vol. 26, no. 1, pp. 7093, Jan. 2000. Online . Available: http: dx.doi.org 10. 1109 32.825767 12 N.Ali, C.Sol s, and I.Ramos, Comparing architecture description languages for mobile software systems, in Proceedings of the 1st International Workshop on Software Architectures and Mobility, ser. SAM 08. New York, NY, USA: ACM, 2008, pp. 3338. Online . Available: http: Metadata: {'authors': 'Sara Hassan, Nour Ali, Rami Bahsoon', 'context_type': 'vector_store', 'doi': '10.1109/ICSA.2017.32', 'keywords': '', 'month': '', 'publisher': 'IEEE', 'research_field': '', 'title': 'Microservice Ambients: An Architectural Meta-Modelling Approach for Microservice Granularity', 'venue': 'International Conference on Software Architecture (ICSA', 'year': 2017} ][Content: Pelliccione, and Antony Tang. What Industry Needs from Architectural Languages: A Survey. IEEE Transactions on Software Engineering, 2013. 20 Nenad Medvidovic and Richard N. Taylor. A Classification and Com- parison Framework for Software Architecture Description Languages. IEEE Transactions on Software Engineering, 2000. 21 Object Management Group. OMG Unified Modeling Language (OMG UML), Superstructure Version 2.3 (10-05-05), May 2010. http: www. omg.org spec UML 2.3 Superstructure PDF Metadata: {'authors': 'Arvid Butting, Oliver Kautz, Bernhard Rumpe, Andreas Wortmann', 'context_type': 'vector_store', 'doi': '10.1109/ICSA.2017.34', 'keywords': '', 'month': '', 'publisher': 'IEEE', 'research_field': '', 'title': 'Semantic Differencing for Message-Driven Component \\& Connector Architectures', 'venue': 'International Conference on Software Architecture (ICSA', 'year': 2017} ][Content: implementation change over time? RQ3: What are guidelines to support practitioners with the management of architecture descriptions? 151 2019 IEEE International Conference on Software Architecture (ICSA) 978-1-7281-0528-4 19 31.00 2019 IEEE DOI 10.1109 ICSA. Our findings suggest that architecture descriptions can be useful both to reason about the future architecture and about the current state. Inconsistencies related to wording and language are perceived as less critical than other types of Metadata: {'authors': 'Rebekka Wohlrab, Ulf Eliasson, Patrizio Pelliccione, Rogardt Heldal', 'context_type': 'vector_store', 'doi': '10.1109/ICSA.2019.00024', 'keywords': '', 'month': '', 'publisher': 'IEEE', 'research_field': '', 'title': 'Improving the Consistency and Usefulness of Architecture Descriptions: Guidelines for Architects', 'venue': 'International Conference on Software Architecture (ICSA', 'year': 2019} ][Content: Doi: 10.1007/978-3-030-00761-4_19
Authors: Ken Power, Rebecca Wirfs{-}Brock
Title: Understanding Architecture Decisions in Context
URL: None
Month: None
Year: 2018
Venue: European Conference on Software Architecture (ECSA
Publisher: SpringerLink
Abstract: None
Research Field: Architectural Design Decisions
Keywords: Metadata: {'authors': 'Ken Power, Rebecca Wirfs{-}Brock', 'context_type': 'vector_store', 'doi': '10.1007/978-3-030-00761-4_19', 'keywords': '', 'month': '', 'publisher': 'SpringerLink', 'research_field': 'Architectural Design Decisions', 'title': 'Understanding Architecture Decisions in Context', 'venue': 'European Conference on Software Architecture (ECSA', 'year': 2018} ][Content: concise natural language descriptions of architectural modules to provide code-to-architecture mappings with fairly good accuracy, 0.82, and almost perfect recall, 0.97, for the six systems tested. The architectural descriptions enable InMap to make recommendations with no need of a pre-mapped set of entities; and their easily retrievable aspect make them a cheap source of information. InMap also offers more versatility than module systems available in programming languages like Java and C or Metadata: {'authors': 'Zipani Sinkala, Sebastian Herold', 'context_type': 'vector_store', 'doi': '10.1109/ICSA51549.2021.00024', 'keywords': '', 'month': '', 'publisher': 'IEEE', 'research_field': '', 'title': 'InMap: Automated Interactive Code-to-Architecture Mapping Recommendations', 'venue': 'International Conference on Software Architecture (ICSA', 'year': 2021} ][Content: information: short descriptions of the purpose of the architectural modules articulated in natural language. To explore this we had the following research question: Can we use natural language descriptions of software architecture modules to overcome the pre-requisite of having an initial pre-mapped set in order to automate mapping in SACC methods like Reflexion Modelling? In the following section, we describe how InMap makes use of such descriptions to recommend mappings without needing an Metadata: {'authors': 'Zipani Sinkala, Sebastian Herold', 'context_type': 'vector_store', 'doi': '10.1109/ICSA51549.2021.00024', 'keywords': '', 'month': '', 'publisher': 'IEEE', 'research_field': '', 'title': 'InMap: Automated Interactive Code-to-Architecture Mapping Recommendations', 'venue': 'International Conference on Software Architecture (ICSA', 'year': 2021} ][Content: Zurich, Switzerland, 2012, pp. 628-638. 18 M. Mirakhorli, and J. Cleland-Huang, Detecting, Tracing, and Monitoring Architectural Tactics in Code, IEEE Transactions on Software Engineering, vol. 42, no. 3, pp. 205-220, 2016. 19 E. Dashofy, A. van der Hoek, and R. N. Taylor, A Comprehensive Approach for the Development of Modular Software Architecture Description Languages, ACM Transactions on Software Engineering and Methodology (TOSEM), vol. 14, no. 2, pp. 199-245, April, 2005. 20 xLineMapper. Metadata: {'authors': 'Yongjie Zheng, Cuong Cu, Hazeline Asuncion', 'context_type': 'vector_store', 'doi': '10.1109/ICSA.2017.13', 'keywords': '', 'month': '', 'publisher': 'IEEE', 'research_field': '', 'title': 'Mapping Features to Source Code through Product Line Architecture: Traceability and Conformance', 'venue': 'International Conference on Software Architecture (ICSA', 'year': 2017} ][Content: Riebisch, Developing an Ontology for Architecture Knowledge from Developer Communities, in IEEE IFIP ICSA 2017, 4 2017, pp. 8992. Online . Available: https: www.inf.uni- hamburg.de en inst ab swk research publications pdf 2017-soliman- icsa.pdf 8 A. Barua, S. W. Thomas, and A. E. Hassan, What Are Developers Talking About? An Analysis of Topics and Trends in Stack Overflow, Empirical Softw. Engg., vol. 19, no. 3, pp. 619654, 6 2014. 9 I. Gorton, J. Klein, and A. Nurgaliev, Architecture Knowledge Metadata: {'authors': 'Mohamed Soliman, Marion Wiese, Yikun Li, Matthias Riebisch, Paris Avgeriou', 'context_type': 'vector_store', 'doi': '10.1109/ICSA51549.2021.00023', 'keywords': '', 'month': '', 'publisher': 'IEEE', 'research_field': '', 'title': 'Exploring Web Search Engines to Find Architectural Knowledge', 'venue': 'International Conference on Software Architecture (ICSA', 'year': 2021} ][Content: Online . Available: https: books.google.co.uk books? id md4uNwAACAAJ 22 N.Medvidovic, Moving architectural description from under the technology lamppost, in 32nd EUROMICRO Conference on Software Engineering and Advanced Applications (EU- ROMICRO06), Aug 2006, pp. 23. 23 A.Agrawala, J.Krause, and S.Vestal, Domain-specific soft- ware architectures for intelligent guidance, navigation and control, in Computer-Aided Control System Design, 1992. (CACSD), 1992 IEEE Symposium on, Mar 1992, pp. 110 Metadata: {'authors': 'Sara Hassan, Nour Ali, Rami Bahsoon', 'context_type': 'vector_store', 'doi': '10.1109/ICSA.2017.32', 'keywords': '', 'month': '', 'publisher': 'IEEE', 'research_field': '', 'title': 'Microservice Ambients: An Architectural Meta-Modelling Approach for Microservice Granularity', 'venue': 'International Conference on Software Architecture (ICSA', 'year': 2017} ][Content: Springer, 2006, pp. 237254. 38 U. van Heesch, P. Avgeriou, and R. Hilliard, A documentation frame- work for architecture decisions. Journal of Systems and Software, vol. 85, no. 4, pp. 795820, 2012. 39 D. Falessi, L. C. Briand, G. Cantone, R. Capilla, and P. Kruchten, The value of design rationale information, ACM Transactions on Software Engineering Methodology, vol. 22, no. 3, pp. 21:121:32, 2013. 40 J. S. van der Ven and J. Bosch, Making the right decision: Supporting architects with design Metadata: {'authors': 'Mohamed Soliman, Amr Salama, Matthias Galster, Olaf Zimmermann, Matthias Riebisch', 'context_type': 'vector_store', 'doi': '10.1109/ICSA.2018.00028', 'keywords': '', 'month': '', 'publisher': 'IEEE', 'research_field': '', 'title': 'Improving the Search for Architecture Knowledge in Online Developer Communities', 'venue': 'International Conference on Software Architecture (ICSA', 'year': 2018} ][Content: ontology for architecture knowledge from developer communities, in International Conference on Software Architecture (ICSA). IEEE, 2017, pp. 8992. 10 T. R. Gruber, A translation approach to portable ontology specifica- tions, Knowledge Acquisition, vol. 5, no. 2, pp. 199220, 1993. 11 C. D. Manning, P. Raghavan, and H. Schutze, Introduction to Informa- tion Retrieval. Cambridge University Press, 2008. 12 M. Soliman, M. Riebisch, and U. Zdun, Enriching architecture knowl- edge with technology Metadata: {'authors': 'Mohamed Soliman, Amr Salama, Matthias Galster, Olaf Zimmermann, Matthias Riebisch', 'context_type': 'vector_store', 'doi': '10.1109/ICSA.2018.00028', 'keywords': '', 'month': '', 'publisher': 'IEEE', 'research_field': '', 'title': 'Improving the Search for Architecture Knowledge in Online Developer Communities', 'venue': 'International Conference on Software Architecture (ICSA', 'year': 2018} ]",0.95,0.56,0.29,0.05,0.18,1.0,0.0,0.0,30.436415195465088,0.0,0,112,0.0008666260851429899,Intel(R) Xeon(R) Gold 6258R CPU @ 2.70GHz,1,0.0018952648495442759,1 x Tesla V100S-PCIE-32GB,Linux-6.1.0-23-amd64-x86_64-with-glibc2.39,0.0007973299124756025,0.0035592208471628686,2025-01-11T19:29:51,30.445724732009694,0.001355885181726695,Which publications discuss the concept of Architecture Description Language?,The publications that discuss the concept of Architecture Description Language are: 1. 'Data-Driven Software Architecture for Analyzing Confidentiality' 2. 'Formally Describing Self-organizing Architectures for Systems-of-Systems on the Internet-of-Things' 3. 'Infrastructure-as-Code for Data-Intensive Architectures: A Model-Driven Development Approach'.,,,"['(Data-Driven Software Architecture for Analyzing Confidentiality, http://example.org/hasResearchObject, Architecture Description Language)', '(Formally Describing Self-organizing Architectures for Systems-of-Systems on the Internet-of-Things, http://example.org/hasResearchObject, Architecture Description Language)', '(Infrastructure-as-Code for Data-Intensive Architectures: A Model-Driven Development Approach, http://example.org/hasResearchObject, Architecture Description Language)']",clustering_strategy,,,['String Operation'],String Operation is appropriate because the question requires identifying publications that mention the specific term 'Architecture Description Language'. The task involves searching for the presence of this phrase in the titles or content of publications.,"['Description', 'Concept', 'Research']","The question seeks to identify publications that provide definitions or descriptions of the Architecture Description Language, which falls under the 'Description' category. It also pertains to the conceptual understanding of the language, thus fitting the 'Concept' category. Additionally, it relates to research as it inquires about scholarly publications discussing this topic.",,,,
3,2efc72ce08395f11d34a6bcff14c2656,d56ba8f9-44c8-4900-a4bb-27ef65cb9594,Which publications discuss architectural aspects related to data protection by design?,"The publications that discuss architectural aspects related to data protection by design include the paper titled ""An Architectural View for Data Protection by Design"". Additionally, the paper titled ""Architectural Security Weaknesses in Industrial Control Systems (ICS) an Empirical Study Based on Disclosed Software Vulnerabilities"" also addresses architectural aspects, although it focuses on security weaknesses rather than data protection specifically.","['(An Architectural View for Data Protection by Design, http://example.org/hasResearchObject, Architectural Aspects)', '(Architectural Security Weaknesses in Industrial Control Systems (ICS) an Empirical Study Based on Disclosed Software Vulnerabilities, http://example.org/hasResearchObject, Architectural Aspects)']",,,clustering_strategy,,"['List/Combine', 'String Operation']",List/Combine is appropriate because the question seeks to identify and enumerate publications that discuss specific architectural aspects related to data protection by design. String Operation is also relevant as it may involve searching for specific keywords or phrases related to 'architectural aspects' and 'data protection by design' in the titles or abstracts of the publications.,"['Research', 'Concept', 'Procedure']","The question seeks to identify publications that address architectural aspects of data protection by design, which falls under research as it pertains to exploring existing literature. It also relates to concepts in software architecture and procedures that may be involved in implementing data protection strategies.",,,," The publications that discuss architectural aspects related to data protection by design are:

1. ""An Architectural View for Data Protection by Design"" (Laurens Sion, Pierre Dewitte, Dimitri Landuyt, Kim Wuyts, Ivo Emanuilov, Peggy Valcke, Wouter Joosen) at the International Conference on Software Architecture (ICSA) in 2019.

2. ""Enforcing Architectural Security Decisions"" (Stefanie Jasser) at the International Conference on Software Architecture (ICSA) in 2020.

The first publication presents a data protection viewpoint aligned with other system abstractions used in architectural viewpoints and illustrates its implementation using a prototype. The second publication focuses on enforcing architectural security decisions, identifying security relevant architectural concepts and related rules based on interviews with the architecture team for security measures.","[Content: Doi: 10.1109/ICSA.2019.00010
Authors: Laurens Sion, Pierre Dewitte, Dimitri Landuyt, Kim Wuyts, Ivo Emanuilov, Peggy Valcke, Wouter Joosen
Title: An Architectural View for Data Protection by Design
URL: None
Month: None
Year: 2019
Venue: International Conference on Software Architecture (ICSA
Publisher: IEEE
Abstract: None
Research Field: None
Keywords: Metadata: {'authors': 'Laurens Sion, Pierre Dewitte, Dimitri Landuyt, Kim Wuyts, Ivo Emanuilov, Peggy Valcke, Wouter Joosen', 'context_type': 'vector_store', 'doi': '10.1109/ICSA.2019.00010', 'keywords': '', 'month': '', 'publisher': 'IEEE', 'research_field': '', 'title': 'An Architectural View for Data Protection by Design', 'venue': 'International Conference on Software Architecture (ICSA', 'year': 2019} ][Content: Full Text: An Architectural View for Data Protection by Design Laurens Sion, Pierre Dewitte, Dimitri Van Landuyt, Kim Wuyts, Ivo Emanuilov, Peggy Valcke, Wouter Joosen imec-DistriNet, KU Leuven imec-CiTiP, KU Leuven firstname.lastname kuleuven.be AbstractData Protection by Design (DPbD) is a truly inter- disciplinary effort that involves many stakeholders such as legal experts, requirements engineers, software architects, developers, and system operators. Building software-intensive systems Metadata: {'authors': 'Laurens Sion, Pierre Dewitte, Dimitri Landuyt, Kim Wuyts, Ivo Emanuilov, Peggy Valcke, Wouter Joosen', 'context_type': 'vector_store', 'doi': '10.1109/ICSA.2019.00010', 'keywords': '', 'month': '', 'publisher': 'IEEE', 'research_field': '', 'title': 'An Architectural View for Data Protection by Design', 'venue': 'International Conference on Software Architecture (ICSA', 'year': 2019} ][Content: Architecture: Theory, Technology, and Applications, 2018. 8 CNIL, The open source pia software helps to carry out data protection impact assesment, 2018. Online . Available: https: www.cnil.fr en open- source-pia-software-helps-carry-out-data-protection-impact-assesment 9 P. Dewitte, K. Wuyts, L. Sion, D. Van Landuyt, I. Emanuilov, P. Valcke, and W. Joosen, A comparison of system description models for data protection by design, in Proceedings of ACM SAC: PDP, 2019. 10 M. Howard and S. Lipner, Metadata: {'authors': 'Laurens Sion, Pierre Dewitte, Dimitri Landuyt, Kim Wuyts, Ivo Emanuilov, Peggy Valcke, Wouter Joosen', 'context_type': 'vector_store', 'doi': '10.1109/ICSA.2019.00010', 'keywords': '', 'month': '', 'publisher': 'IEEE', 'research_field': '', 'title': 'An Architectural View for Data Protection by Design', 'venue': 'International Conference on Software Architecture (ICSA', 'year': 2019} ][Content: ensuring data protection architectural viewpoint with a DFD-based viewpoint which is common in privacy and security threat modeling. We argue how tight integration between both types of activities as part of software architecture design allows for improved risk assessment, and enables architecture-level design activities such as change impact analysis and trade-off decision making to take aspects of regulatory data protection by design into account. We validate the presented view in the context Metadata: {'authors': 'Laurens Sion, Pierre Dewitte, Dimitri Landuyt, Kim Wuyts, Ivo Emanuilov, Peggy Valcke, Wouter Joosen', 'context_type': 'vector_store', 'doi': '10.1109/ICSA.2019.00010', 'keywords': '', 'month': '', 'publisher': 'IEEE', 'research_field': '', 'title': 'An Architectural View for Data Protection by Design', 'venue': 'International Conference on Software Architecture (ICSA', 'year': 2019} ][Content: the accuracy of the system description, which does not evolve at the same pace as the system itself, and 11 2019 IEEE International Conference on Software Architecture (ICSA) 978-1-7281-0528-4 19 31.00 2019 IEEE DOI 10.1109 ICSA. (iii) the quality of architectural trade-offs made in this context. In this paper, we first define a systematic model-driven approach for data protection by design that is structured according to these steps. Subsequently, we accomplish tech- nical integration of the Metadata: {'authors': 'Laurens Sion, Pierre Dewitte, Dimitri Landuyt, Kim Wuyts, Ivo Emanuilov, Peggy Valcke, Wouter Joosen', 'context_type': 'vector_store', 'doi': '10.1109/ICSA.2019.00010', 'keywords': '', 'month': '', 'publisher': 'IEEE', 'research_field': '', 'title': 'An Architectural View for Data Protection by Design', 'venue': 'International Conference on Software Architecture (ICSA', 'year': 2019} ][Content: Index Termsprivacy by design, data protection, architectural viewpoint, GDPR, data protection by design, data protection impact assessment, accountability I. INTRODUCTION Addressing data protection issues at the software design stagerather than adding a clunky layer of legal compliance to a near-final systemis increasingly recognized as the right approach to privacy engineering. This has recently been acknowledged by the EU General Data Protection Regulation (GDPR) 1 which obliges controllers Metadata: {'authors': 'Laurens Sion, Pierre Dewitte, Dimitri Landuyt, Kim Wuyts, Ivo Emanuilov, Peggy Valcke, Wouter Joosen', 'context_type': 'vector_store', 'doi': '10.1109/ICSA.2019.00010', 'keywords': '', 'month': '', 'publisher': 'IEEE', 'research_field': '', 'title': 'An Architectural View for Data Protection by Design', 'venue': 'International Conference on Software Architecture (ICSA', 'year': 2019} ][Content: exercise, (ii) the ability to evolve the system over time, and (iii) the architectural trade-offs made during system design. In this article, we present an architectural viewpoint for describing software architectures from a legal, data protection perspective whose core modeling abstractions are based on an in-depth legal analysis of the EU General Data Protection Regu- lation. This viewpoint is tied to Data Flow Diagrams commonly used in threat modeling through correspondence rules. The Metadata: {'authors': 'Laurens Sion, Pierre Dewitte, Dimitri Landuyt, Kim Wuyts, Ivo Emanuilov, Peggy Valcke, Wouter Joosen', 'context_type': 'vector_store', 'doi': '10.1109/ICSA.2019.00010', 'keywords': '', 'month': '', 'publisher': 'IEEE', 'research_field': '', 'title': 'An Architectural View for Data Protection by Design', 'venue': 'International Conference on Software Architecture (ICSA', 'year': 2019} ][Content: stages of the development life cycle and should both be revisited iteratively as the system evolves. This disconnect causes several issues: (i) technical implementations that violate restrictions imposed by a DPIA, (ii) ineffective or insufficient countermeasures, (iii) inaccurate or outdated DPbD and DPIA exercises. In this paper, we have presented an architectural viewpoint for data protection, modeled upon the concepts and require- ments imposed by the GDPR 1 . This data protection view is Metadata: {'authors': 'Laurens Sion, Pierre Dewitte, Dimitri Landuyt, Kim Wuyts, Ivo Emanuilov, Peggy Valcke, Wouter Joosen', 'context_type': 'vector_store', 'doi': '10.1109/ICSA.2019.00010', 'keywords': '', 'month': '', 'publisher': 'IEEE', 'research_field': '', 'title': 'An Architectural View for Data Protection by Design', 'venue': 'International Conference on Software Architecture (ICSA', 'year': 2019} ][Content: by Design (DPbD). In this section, we discuss the benefits of bidirectionally integrating these views and activities from the points of view of (i) DPbD DPIA principles, (ii) architecture-level threat modeling and (iii) risk management. DOCUMENTATION CRITERION 1 Nature, scope, context, and purposes In software architecture, aspects of scope, context or purposes are seldom documentedthis is information added by the data protection viewpoint. Additionally, the description of the nature of the Metadata: {'authors': 'Laurens Sion, Pierre Dewitte, Dimitri Landuyt, Kim Wuyts, Ivo Emanuilov, Peggy Valcke, Wouter Joosen', 'context_type': 'vector_store', 'doi': '10.1109/ICSA.2019.00010', 'keywords': '', 'month': '', 'publisher': 'IEEE', 'research_field': '', 'title': 'An Architectural View for Data Protection by Design', 'venue': 'International Conference on Software Architecture (ICSA', 'year': 2019} ][Content: case, additional checks might be required. 2) The architecture might include data protection countermeasures where none are mandated by law, and vice-versa. For example, for data retention policies. III. ARCHITECTURAL VIEWPOINT FOR DATA PROTECTION In this section, we present: (i) support for an explicit data protection viewpoint for modeling a systems data processing activities from a legal perspective; (ii) the data protection checks leveraging this model. A. The Data Protection Viewpoint As Metadata: {'authors': 'Laurens Sion, Pierre Dewitte, Dimitri Landuyt, Kim Wuyts, Ivo Emanuilov, Peggy Valcke, Wouter Joosen', 'context_type': 'vector_store', 'doi': '10.1109/ICSA.2019.00010', 'keywords': '', 'month': '', 'publisher': 'IEEE', 'research_field': '', 'title': 'An Architectural View for Data Protection by Design', 'venue': 'International Conference on Software Architecture (ICSA', 'year': 2019} ][Content: de- velopment, continuous integration and deployment, frequent architecture-level change. This poses challenges with respect to the data protection efforts which are quickly based on outdated and eroded system models. The correspondences between views introduced in this paper allow changes within one view to be reflected in the other views to make the implications of these changes on the data protection aspects of the system visible and raises these checks again at the time of software Metadata: {'authors': 'Laurens Sion, Pierre Dewitte, Dimitri Landuyt, Kim Wuyts, Ivo Emanuilov, Peggy Valcke, Wouter Joosen', 'context_type': 'vector_store', 'doi': '10.1109/ICSA.2019.00010', 'keywords': '', 'month': '', 'publisher': 'IEEE', 'research_field': '', 'title': 'An Architectural View for Data Protection by Design', 'venue': 'International Conference on Software Architecture (ICSA', 'year': 2019} ][Content: first instance, this section discusses and motivates the technical integration with DFD system abstractions, commonly used in privacy threat modeling. In-depth investigation and further alignment between the data protection view and other architectural viewpoint and relevant artifacts (e.g. access control or data protection policies) is considered future work. Section V-A first accomplishes this integration technically through defining correspondence rules 22 between both views, followed by an Metadata: {'authors': 'Laurens Sion, Pierre Dewitte, Dimitri Landuyt, Kim Wuyts, Ivo Emanuilov, Peggy Valcke, Wouter Joosen', 'context_type': 'vector_store', 'doi': '10.1109/ICSA.2019.00010', 'keywords': '', 'month': '', 'publisher': 'IEEE', 'research_field': '', 'title': 'An Architectural View for Data Protection by Design', 'venue': 'International Conference on Software Architecture (ICSA', 'year': 2019} ][Content: different data processing activities. V. INTEGRATION IN ARCHITECTURAL FRAMEWORKS Apart from the purpose of systematically documenting the system under analysis in terms of appropriate legal system abstractions, the data protection viewpoint presented in the previous section is further aligned with different system ab- stractions used in other architectural viewpoints. Architectural frameworks 22 define architectural viewpoints to document different perspectives on a system, tailored to address Metadata: {'authors': 'Laurens Sion, Pierre Dewitte, Dimitri Landuyt, Kim Wuyts, Ivo Emanuilov, Peggy Valcke, Wouter Joosen', 'context_type': 'vector_store', 'doi': '10.1109/ICSA.2019.00010', 'keywords': '', 'month': '', 'publisher': 'IEEE', 'research_field': '', 'title': 'An Architectural View for Data Protection by Design', 'venue': 'International Conference on Software Architecture (ICSA', 'year': 2019} ][Content: the data protection viewpoint. Next, we illustrate the different architectural views of the PMS: (i) the Data Flow Diagram (DFD), and (ii) the corresponding data protection view. Afterwards, Section V-A discusses the integration of these two views, including the application on the PMS case. A. Implementation A prototype implementation was created to validate the proposed viewpoint. The meta-model itself was implemented in the Eclipse Modeling Framework. The graphical visualization of the Metadata: {'authors': 'Laurens Sion, Pierre Dewitte, Dimitri Landuyt, Kim Wuyts, Ivo Emanuilov, Peggy Valcke, Wouter Joosen', 'context_type': 'vector_store', 'doi': '10.1109/ICSA.2019.00010', 'keywords': '', 'month': '', 'publisher': 'IEEE', 'research_field': '', 'title': 'An Architectural View for Data Protection by Design', 'venue': 'International Conference on Software Architecture (ICSA', 'year': 2019} ][Content: architecture concept language as described in 6 , i. e. we identified security relevant architectural con- cepts. The related architectural security rules were defined based on those concepts. We took developer guidelines into account and interviewed the architecture team for security measures. Most rules were related to authority checks, data minimization, prevention of data leakage and hard coded checks. Table III shows a sub-set of the architectural security rules we identified for our case Metadata: {'authors': 'Stefanie Jasser', 'context_type': 'vector_store', 'doi': '10.1109/ICSA47634.2020.00012', 'keywords': '', 'month': '', 'publisher': 'IEEE', 'research_field': '', 'title': 'Enforcing Architectural Security Decisions', 'venue': 'International Conference on Software Architecture (ICSA', 'year': 2020} ]",1.0,1.0,0.36,0.17,0.34,0.0,0.0,0.0,27.90036916732788,0.0,0,112,0.0007944329453269651,Intel(R) Xeon(R) Gold 6258R CPU @ 2.70GHz,1,0.0017279344379010908,1 x Tesla V100S-PCIE-32GB,Linux-6.1.0-23-amd64-x86_64-with-glibc2.39,0.0007309079393111961,0.0032532753225392517,2025-01-11T19:30:48,27.909634131006896,0.001239335234121328,Which publications discuss architectural aspects related to data protection by design?,"The publications that discuss architectural aspects related to data protection by design include the paper titled ""An Architectural View for Data Protection by Design"". Additionally, the paper titled ""Architectural Security Weaknesses in Industrial Control Systems (ICS) an Empirical Study Based on Disclosed Software Vulnerabilities"" also addresses architectural aspects, although it focuses on security weaknesses rather than data protection specifically.",,,"['(An Architectural View for Data Protection by Design, http://example.org/hasResearchObject, Architectural Aspects)', '(Architectural Security Weaknesses in Industrial Control Systems (ICS) an Empirical Study Based on Disclosed Software Vulnerabilities, http://example.org/hasResearchObject, Architectural Aspects)']",clustering_strategy,,,"['List/Combine', 'String Operation']",List/Combine is appropriate because the question seeks to identify and enumerate publications that discuss specific architectural aspects related to data protection by design. String Operation is also relevant as it may involve searching for specific keywords or phrases related to 'architectural aspects' and 'data protection by design' in the titles or abstracts of the publications.,"['Research', 'Concept', 'Procedure']","The question seeks to identify publications that address architectural aspects of data protection by design, which falls under research as it pertains to exploring existing literature. It also relates to concepts in software architecture and procedures that may be involved in implementing data protection strategies.",,,,
4,2efc72ce08395f11d34a6bcff14c2656,7077bd9f-00dd-41a0-a8e9-352c27545e2a,Which publications discuss the architecture design method?,The following publications discuss the Architecture Design Method: 1. Microservice Ambients: An Architectural Meta-Modelling Approach for Microservice Granularity 2. REST vs GraphQL: A Controlled Experiment 3. A Complexity Metric for Microservices Architecture Migration 4. A Goal-Driven Approach for Deploying Self-Adaptive IoT Systems 5. A Survey on Big Data Analytics Solutions Deployment 6. A Runtime Safety Enforcement Approach by Monitoring and Adaptation.,"['(Microservice Ambients: An Architectural Meta-Modelling Approach for Microservice Granularity, http://example.org/hasResearchObject, Architecture Design Method)', '(REST vs GraphQL: A Controlled Experiment, http://example.org/hasResearchObject, Architecture Design Method)', '(A Complexity Metric for Microservices Architecture Migration, http://example.org/hasResearchObject, Architecture Design Method)', '(A Goal-Driven Approach for Deploying Self-Adaptive IoT Systems, http://example.org/hasResearchObject, Architecture Design Method)', '(A Survey on Big Data Analytics Solutions Deployment, http://example.org/hasResearchObject, Architecture Design Method)', '(A Runtime Safety Enforcement Approach by Monitoring and Adaptation, http://example.org/hasResearchObject, Architecture Design Method)']",,,clustering_strategy,,['String Operation'],"String Operation is appropriate because the question requires identifying publications that mention a specific term, 'architecture design method', in their content. The task involves searching for the presence of this phrase in the titles or abstracts of the publications.","['Methodology', 'Research']","The question seeks information about publications related to a specific method in architecture design, which falls under the category of Methodology. Additionally, it implies a search for research-related content, thus also fitting the Research category.",,,," The provided context does not contain information about architecture design methods directly. However, one of the publications discusses ""Improving the Consistency and Usefulness of Architecture Descriptions,"" which can be indirectly related to an architecture design method as it focuses on guidelines for architects. Another publication mentions ""architectural inconsistencies and architecture descriptions,"" but it does not provide specific details about a design method. Therefore, while we cannot fully answer the question with the provided context, we have some partial information that may be relevant:

1. Improving the Consistency and Usefulness of Architecture Descriptions: Guidelines for Architects (Rebekka Wohlrab et al., 2019) - This publication discusses guidelines for architects, which can indirectly relate to an architecture design method.

2. Architectural inconsistencies and architecture descriptions (Rebekka Wohlrab et al., 2019) - This publication mentions architecture descriptions but does not provide specific details about a design method.","[Content: P. Pelliccione, E. Knauss, R. Heldal, S. Magnus Agren, P. Mallozzi, A. Alminger, and D. Borgentun, Automotive architecture framework: The experience of volvo cars, Journal of Systems Architecture, vol. 77, pp. 83 100, 2017. Online . Available: http: www.sciencedirect.com science article pii 10 F. Bachmann, L. Bass, and M. Klein, Deriving architectural tactics: A step toward methodical architectural design, Carnegie-Mellon Univ Pittsburgh Pa Software Engineering Inst, Tech. Rep., 2003. 11 A. Metadata: {'authors': 'Alessio Bucaioni, Patrizio Pelliccione, Rebekka Wohlrab', 'context_type': 'vector_store', 'doi': '10.1109/ICSA51549.2021.00020', 'keywords': '', 'month': '', 'publisher': 'IEEE', 'research_field': '', 'title': 'Aligning Architecture with Business Goals in the Automotive Domain', 'venue': 'International Conference on Software Architecture (ICSA', 'year': 2021} ][Content: approaches employed by architects, as well as the challenges and context that architects must deal with. In addition, this study attempts to understand the impact of architecture decisions. The remainder of this paper describes the study.Section 2 places this study in context through a review of relevant literature from software architecture decision-making. This study employs a survey and three focus groups as part of a larger case study into architecture decision-making. Section 3 describes Metadata: {'authors': 'Ken Power, Rebecca Wirfs{-}Brock', 'context_type': 'vector_store', 'doi': '10.1007/978-3-030-00761-4_19', 'keywords': '', 'month': '', 'publisher': 'SpringerLink', 'research_field': 'Architectural Design Decisions', 'title': 'Understanding Architecture Decisions in Context', 'venue': 'European Conference on Software Architecture (ECSA', 'year': 2018} ][Content: Doi: 10.1007/978-3-030-00761-4_19
Authors: Ken Power, Rebecca Wirfs{-}Brock
Title: Understanding Architecture Decisions in Context
URL: None
Month: None
Year: 2018
Venue: European Conference on Software Architecture (ECSA
Publisher: SpringerLink
Abstract: None
Research Field: Architectural Design Decisions
Keywords: Metadata: {'authors': 'Ken Power, Rebecca Wirfs{-}Brock', 'context_type': 'vector_store', 'doi': '10.1007/978-3-030-00761-4_19', 'keywords': '', 'month': '', 'publisher': 'SpringerLink', 'research_field': 'Architectural Design Decisions', 'title': 'Understanding Architecture Decisions in Context', 'venue': 'European Conference on Software Architecture (ECSA', 'year': 2018} ][Content: Springer, 2006, pp. 237254. 38 U. van Heesch, P. Avgeriou, and R. Hilliard, A documentation frame- work for architecture decisions. Journal of Systems and Software, vol. 85, no. 4, pp. 795820, 2012. 39 D. Falessi, L. C. Briand, G. Cantone, R. Capilla, and P. Kruchten, The value of design rationale information, ACM Transactions on Software Engineering Methodology, vol. 22, no. 3, pp. 21:121:32, 2013. 40 J. S. van der Ven and J. Bosch, Making the right decision: Supporting architects with design Metadata: {'authors': 'Mohamed Soliman, Amr Salama, Matthias Galster, Olaf Zimmermann, Matthias Riebisch', 'context_type': 'vector_store', 'doi': '10.1109/ICSA.2018.00028', 'keywords': '', 'month': '', 'publisher': 'IEEE', 'research_field': '', 'title': 'Improving the Search for Architecture Knowledge in Online Developer Communities', 'venue': 'International Conference on Software Architecture (ICSA', 'year': 2018} ][Content: consideration. Furthermore, the system requires the architects to care about all facets of model-based anal- ysis, which makes their architectural decisions suitable for cross-checking the initial taxonomy. The architects were instructed to document their software designs and design decisions in a form of their choice, which then had to be integrated into the existing taxonomy. For this research task we considered three distinct research methods: Conventional, summative and directed content Metadata: {'authors': 'Michael Szvetits, Uwe Zdun', 'context_type': 'vector_store', 'doi': '10.1109/ICSA.2018.00021', 'keywords': '', 'month': '', 'publisher': 'IEEE', 'research_field': '', 'title': 'Architectural Design Decisions for Systems Supporting Model-Based Analysis of Runtime Events: A Qualitative Multi-method Study', 'venue': 'International Conference on Software Architecture (ICSA', 'year': 2018} ][Content: ness requirements, design issues and alternative architectural solutions. Moreover, to support the Instantiate architecture elements step, design decisions and their rationale should be captured from existing systems and shared with practitioners. The results in Section VI-B verify that blogs and tutorials are valid options for exploring and capturing AK, because they are the most relevant and highly ranked. However, during our web pages classification (see Section III-F), we found that blogs Metadata: {'authors': 'Mohamed Soliman, Marion Wiese, Yikun Li, Matthias Riebisch, Paris Avgeriou', 'context_type': 'vector_store', 'doi': '10.1109/ICSA51549.2021.00023', 'keywords': '', 'month': '', 'publisher': 'IEEE', 'research_field': '', 'title': 'Exploring Web Search Engines to Find Architectural Knowledge', 'venue': 'International Conference on Software Architecture (ICSA', 'year': 2021} ][Content: model- based analysis support in a systematic way by performing a series of qualitative studies following a multi-method design 11 . The result is a taxonomy of architectural design 115 2018 IEEE International Conference on Software Architecture 978-1-5386-6398-1 18 31.00 2018 IEEE DOI 10.1109 ICSA. decisions which is based on the concept of architectural decision models 12 , 13 . The proposed taxonomy captures essential architectural decisions that must be made when realizing systems whose Metadata: {'authors': 'Michael Szvetits, Uwe Zdun', 'context_type': 'vector_store', 'doi': '10.1109/ICSA.2018.00021', 'keywords': '', 'month': '', 'publisher': 'IEEE', 'research_field': '', 'title': 'Architectural Design Decisions for Systems Supporting Model-Based Analysis of Runtime Events: A Qualitative Multi-method Study', 'venue': 'International Conference on Software Architecture (ICSA', 'year': 2018} ][Content: RELATED WORK Tyree et al. 38 described the importance of design decisions in demystifying the software architecture and filling in the short- comings of traditional approaches, such as RM-ODP (Reference Model for Open Distributed Processing) 29 , or 4 1 17 . They devised a methodology for architects to document architectural design decisions, requirements, and pertinent assumptions. Other decision centric approaches (e.g., 7 , 44 ) have been proposed to direct the derivation of target Metadata: {'authors': 'Arman Shahbazian, Youn Lee, Duc Le, Yuriy Brun, Nenad Medvidovic', 'context_type': 'vector_store', 'doi': '10.1109/ICSA.2018.00019', 'keywords': '', 'month': '', 'publisher': 'IEEE', 'research_field': '', 'title': 'Recovering Architectural Design Decisions', 'venue': 'International Conference on Software Architecture (ICSA', 'year': 2018} ][Content: documented, hence a ground-truth for our analyses was not readily available. To overcome this hurdle, we devised a systematic plan to objectively assess the uncovered design decisions. We defined a set of criteria targeting the two aspects of an architectural design decision rationale and consequence and used them as the basis of our assessment. Two PhD students carried out the analysis and the results of their independent examinations were later aggregated. In the remainder of this section, we Metadata: {'authors': 'Arman Shahbazian, Youn Lee, Duc Le, Yuriy Brun, Nenad Medvidovic', 'context_type': 'vector_store', 'doi': '10.1109/ICSA.2018.00019', 'keywords': '', 'month': '', 'publisher': 'IEEE', 'research_field': '', 'title': 'Recovering Architectural Design Decisions', 'venue': 'International Conference on Software Architecture (ICSA', 'year': 2018} ][Content: Full Text: Recovering Architectural Design Decisions Arman Shahbazian , Youn Kyu Lee , Duc Le , Yuriy Brun , and Nenad Medvidovic University of Southern California University of Massachusetts Amherst Los Angeles, CA, USA 90089-0781 Amherst, MA, USA, 01003-9264 armansha, younkyul, ducmle, neno usc.edu brun cs.umass.edu AbstractDesigning and maintaining a software systems ar- chitecture typically involve making numerous design decisions, each potentially affecting the systems functional and Metadata: {'authors': 'Arman Shahbazian, Youn Lee, Duc Le, Yuriy Brun, Nenad Medvidovic', 'context_type': 'vector_store', 'doi': '10.1109/ICSA.2018.00019', 'keywords': '', 'month': '', 'publisher': 'IEEE', 'research_field': '', 'title': 'Recovering Architectural Design Decisions', 'venue': 'International Conference on Software Architecture (ICSA', 'year': 2018} ][Content: motivation for future studies, e.g., to apply and validate our guidelines in industrial case studies. Several of our guidelines can be supported by more concrete practices and approaches. Methods and techniques to analyze and capture emerging aspects in architecture descriptions could be of value to practitioners, especially with a focus on supporting non- architect stakeholders to leverage and modify architecture descriptions. It is also interesting to explore how current- state and Metadata: {'authors': 'Rebekka Wohlrab, Ulf Eliasson, Patrizio Pelliccione, Rogardt Heldal', 'context_type': 'vector_store', 'doi': '10.1109/ICSA.2019.00024', 'keywords': '', 'month': '', 'publisher': 'IEEE', 'research_field': '', 'title': 'Improving the Consistency and Usefulness of Architecture Descriptions: Guidelines for Architects', 'venue': 'International Conference on Software Architecture (ICSA', 'year': 2019} ][Content: case study, and Sect. 7 concludes this work along with future research directions.2 Related WorkGarlan et al. [11] treated AA as an important factor that causes architectural mismatch. The authors suggested that guidelines should be provided for documenting AA (e.g., how to integrate AA Documentation into architecture documentation). The authors further suggested several approaches (e.g., architecture views and description languages) and techniques (e.g., XML) to support AA Documentation.Lago Metadata: {'authors': 'Chen Yang, Peng Liang, Paris Avgeriou, Ulf Eliasson, Rogardt Heldal, Patrizio Pelliccione', 'context_type': 'vector_store', 'doi': '10.1007/978-3-319-65831-5_14', 'keywords': '', 'month': '', 'publisher': 'SpringerLink', 'research_field': 'Software Architecture Practice', 'title': 'Architectural Assumptions and Their Management in Industry – An Exploratory Study', 'venue': 'European Conference on Software Architecture (ECSA', 'year': 2017} ][Content: Doi: 10.1007/978-3-030-00761-4_17
Authors: Femke Heijenk, Martin Berg, Henrik Leopold, Hans Vliet, Raymond Slot
Title: Empirical Insights into the Evolving Role of Architects in Decision-Making in an Agile Context
URL: None
Month: None
Year: 2018
Venue: European Conference on Software Architecture (ECSA
Publisher: SpringerLink
Abstract: None
Research Field: Architectural Design Decisions
Keywords: Metadata: {'authors': 'Femke Heijenk, Martin Berg, Henrik Leopold, Hans Vliet, Raymond Slot', 'context_type': 'vector_store', 'doi': '10.1007/978-3-030-00761-4_17', 'keywords': '', 'month': '', 'publisher': 'SpringerLink', 'research_field': 'Architectural Design Decisions', 'title': 'Empirical Insights into the Evolving Role of Architects in Decision-Making in an Agile Context', 'venue': 'European Conference on Software Architecture (ECSA', 'year': 2018} ][Content: that we describe in the following. A. Literature Review In order to get a good understanding of related work and see what research questions are of importance, we searched the literature for studies in the area. We focused on A. Literature review B. Survey design and planning C. Validation of survey design D. Data collection E. Data analysis and reporting Follow-up survey Figure 1. Overview of our research method architectural inconsistencies and architecture descriptions, as well as general Metadata: {'authors': 'Rebekka Wohlrab, Ulf Eliasson, Patrizio Pelliccione, Rogardt Heldal', 'context_type': 'vector_store', 'doi': '10.1109/ICSA.2019.00024', 'keywords': '', 'month': '', 'publisher': 'IEEE', 'research_field': '', 'title': 'Improving the Consistency and Usefulness of Architecture Descriptions: Guidelines for Architects', 'venue': 'International Conference on Software Architecture (ICSA', 'year': 2019} ][Content: the sum of the parts [32]. This paper aims to contribute to the body of knowledge on architecture decision-making by answering the following questions: Metadata: {'authors': 'Ken Power, Rebecca Wirfs{-}Brock', 'context_type': 'vector_store', 'doi': '10.1007/978-3-030-29983-5_4', 'keywords': '', 'month': '', 'publisher': 'SpringerLink', 'research_field': 'Software Architecture in Development Process', 'title': 'An Exploratory Study of Naturalistic Decision Making in Complex Software Architecture Environments', 'venue': 'European Conference on Software Architecture (ECSA', 'year': 2019} ]",0.76,0.99,0.24,0.01,0.13,0.0,0.0,0.0,29.31120467185974,0.0,0,112,0.000834613821478504,Intel(R) Xeon(R) Gold 6258R CPU @ 2.70GHz,1,0.0018163700642066516,1 x Tesla V100S-PCIE-32GB,Linux-6.1.0-23-amd64-x86_64-with-glibc2.39,0.0007678584511686252,0.0034188423368537806,2025-01-11T19:31:44,29.319498718017712,0.0013024079882244478,Which publications discuss the architecture design method?,The following publications discuss the Architecture Design Method: 1. Microservice Ambients: An Architectural Meta-Modelling Approach for Microservice Granularity 2. REST vs GraphQL: A Controlled Experiment 3. A Complexity Metric for Microservices Architecture Migration 4. A Goal-Driven Approach for Deploying Self-Adaptive IoT Systems 5. A Survey on Big Data Analytics Solutions Deployment 6. A Runtime Safety Enforcement Approach by Monitoring and Adaptation.,,,"['(Microservice Ambients: An Architectural Meta-Modelling Approach for Microservice Granularity, http://example.org/hasResearchObject, Architecture Design Method)', '(REST vs GraphQL: A Controlled Experiment, http://example.org/hasResearchObject, Architecture Design Method)', '(A Complexity Metric for Microservices Architecture Migration, http://example.org/hasResearchObject, Architecture Design Method)', '(A Goal-Driven Approach for Deploying Self-Adaptive IoT Systems, http://example.org/hasResearchObject, Architecture Design Method)', '(A Survey on Big Data Analytics Solutions Deployment, http://example.org/hasResearchObject, Architecture Design Method)', '(A Runtime Safety Enforcement Approach by Monitoring and Adaptation, http://example.org/hasResearchObject, Architecture Design Method)']",clustering_strategy,,,['String Operation'],"String Operation is appropriate because the question requires identifying publications that mention a specific term, 'architecture design method', in their content. The task involves searching for the presence of this phrase in the titles or abstracts of the publications.","['Methodology', 'Research']","The question seeks information about publications related to a specific method in architecture design, which falls under the category of Methodology. Additionally, it implies a search for research-related content, thus also fitting the Research category.",,,,
