,config_hash,uid,question_result,golden_answer_result,golden_triples_result,topic_entity_id_result,topic_entity_value_result,is_generated_with_result,knowledge_representation_type_result,question_type_result,question_type_reasoning_result,answer_type_result,answer_type_reasoning_result,information_type_result,hop_amount_result,based_on_template_result,generated_answer,retrieved_context,factual_correctness_f1,factual_correctness_precision,factual_correctness_recall,faithfulness,context_recall,llm_context_precision_with_reference,llm_context_precision_without_reference,context_entity_recall,answer_relevancy,semantic_similarity,non_llm_string_similarity,bleu_score,rouge_score,entity_presence,triple_presence,hit@10,runtime,llm_cost,llm_tokens,cpu_count,cpu_energy_consumption,cpu_model,gpu_count,gpu_energy_consumption,gpu_model,os,ram_energy_consumption,total_energy_consumption,timestamp,tracking_duration,emissions,question_question,golden_answer_question,source_ids,golden_doc_chunks,golden_triples_question,is_generated_with_question,topic_entity_id_question,knowledge_representation_type_question,question_type_question,question_type_reasoning_question,answer_type_question,answer_type_reasoning_question,information_type_question,topic_entity_value_question,hop_amount_question,based_on_template_question
0,3a5e4be503bf6fb9b961f706c0244755,66ce430a-6ce6-490f-8f75-ec8d260d72b6,Which publications discuss the research topic known as 'Architecture Extraction'?,The publications that discuss the research object known as 'Architecture Extraction' are: 1. 'Determination and Enforcement of Least-Privilege Architecture in Android' 2. 'Constructing a Shared Infrastructure for Software Architecture Analysis and Maintenance'.,"['(Determination and Enforcement of Least-Privilege Architecture in Android, http://example.org/hasResearchObject, Architecture Extraction)', '(Constructing a Shared Infrastructure for Software Architecture Analysis and Maintenance, http://example.org/hasResearchObject, Architecture Extraction)']",,,clustering_strategy,,['String Operation'],String Operation is appropriate because the question requires identifying publications that mention the specific term 'Architecture Extraction'. The task involves searching for the presence of this phrase in the titles or content of the publications.,['Research'],"The question seeks information about publications related to a specific research topic, which falls under the category of research.",,,,"The research topic known as 'Architecture Extraction' is discussed in the following publications: ""Constructing a Shared Infrastructure for Software Architecture Analysis and Maintenance"" [1] and ""Determination and Enforcement of Least-Privilege Architecture in Android"" [2].

[1] Source: Constructing a Shared Infrastructure for Software Architecture Analysis and Maintenance, 10.1109/ICSA51549.2021.00022
[2] Source: Determination and Enforcement of Least-Privilege Architecture in Android, 10.1109/ICSA.2017.18
","||(Architecture Extraction, http://www.w3.org/2000/01/rdf-schema#label, Architecture Extraction)||||(Product Quality, http://example.org/examines, Effectiveness)||||(Architecture Analysis Method, http://www.w3.org/1999/02/22-rdf-syntax-ns#type, http://example.org/ResearchObject)||||(Constructing a Shared Infrastructure for Software Architecture Analysis and Maintenance, http://example.org/hasPaperclass, Evaluation Research)||||(IEEE, http://www.w3.org/2000/01/rdf-schema#label, IEEE)||||(http://ressource.org/evaluation_11, http://www.w3.org/1999/02/22-rdf-syntax-ns#type, http://example.org/Evaluation)||||(Constructing a Shared Infrastructure for Software Architecture Analysis and Maintenance, http://example.org/hasResearchQuestion, What are the key challenges faced by the software engineering community in conducting architecture-oriented research?)||||(Constructing a Shared Infrastructure for Software Architecture Analysis and Maintenance, http://example.org/hasResearchLevel, Primary Research)||||(Architectural Decay, http://www.w3.org/2000/01/rdf-schema#label, Architectural Decay)||||(Constructing a Shared Infrastructure for Software Architecture Analysis and Maintenance, http://schema.org/datePublished, 2021)||||(Architecture Extraction, http://www.w3.org/2000/01/rdf-schema#label, Architecture Extraction)||||(Architecture Extraction, http://www.w3.org/1999/02/22-rdf-syntax-ns#type, http://example.org/ResearchObject)||||(http://ressource.org/evaluation_23, http://www.w3.org/1999/02/22-rdf-syntax-ns#type, http://example.org/Evaluation)||||(http://ressource.org/evaluation_23, http://example.org/hasEvaluationMethod, Technical Experiment)||||(Product Quality, http://www.w3.org/2000/01/rdf-schema#label, Product Quality)||||(Product Quality, http://example.org/examines, FunctionalSuitability)||||(Product Quality, http://www.w3.org/1999/02/22-rdf-syntax-ns#type, http://example.org/Property)||||(Product Quality, http://example.org/examines, Performanceefficiency)||||(Determination and Enforcement of Least-Privilege Architecture in Android, http://example.org/proposesFutureResearch, Our future work involves integration of dynamic analysis techniques to mitigate limitations of a purely static approach for recovering the systems architecture.)||||(International Conference on Software Architecture (ICSA, http://www.w3.org/1999/02/22-rdf-syntax-ns#type, http://class.org/venue)||",0.75,0.6,1.0,0.6,0.0,0.0,0.1,1.0,0.99,0.93,0.43,0.18,0.53,1.0,0.0,0.0,20.61836075782776,0.010094399999999998,66147,24,0.00030070013303747675,AMD Ryzen 9 5900X 12-Core Processor,0,0.0,,Linux-5.15.146.1-microsoft-standard-WSL2-x86_64-with-glibc2.35,3.346138947740374e-05,0.00033416152251488046,2025-01-10T15:05:19,20.619503615000212,0.0001272988320020437,Which publications discuss the research topic known as 'Architecture Extraction'?,The publications that discuss the research object known as 'Architecture Extraction' are: 1. 'Determination and Enforcement of Least-Privilege Architecture in Android' 2. 'Constructing a Shared Infrastructure for Software Architecture Analysis and Maintenance'.,,,"['(Determination and Enforcement of Least-Privilege Architecture in Android, http://example.org/hasResearchObject, Architecture Extraction)', '(Constructing a Shared Infrastructure for Software Architecture Analysis and Maintenance, http://example.org/hasResearchObject, Architecture Extraction)']",clustering_strategy,,,['String Operation'],String Operation is appropriate because the question requires identifying publications that mention the specific term 'Architecture Extraction'. The task involves searching for the presence of this phrase in the titles or content of the publications.,['Research'],"The question seeks information about publications related to a specific research topic, which falls under the category of research.",,,,
1,3a5e4be503bf6fb9b961f706c0244755,1861831e-094b-41e1-a26c-78a2b3d79fbc,Which publications discuss the concept of reference architecture?,The publications that discuss the concept of Reference Architecture are 'Updating Service-Based Software Systems in Air-Gapped Environments' and 'Assessing Adaptability of Software Architectures for Cyber Physical Production Systems'. Both papers mention Reference Architecture as a key topic.,"['(Updating Service-Based Software Systems in Air-Gapped Environments, http://example.org/hasResearchObject, Reference Architecture)', '(Assessing Adaptability of Software Architectures for Cyber Physical Production Systems, http://example.org/hasResearchObject, Reference Architecture)']",,,clustering_strategy,,"['String Operation', 'List/Combine']",String Operation is appropriate because the question requires identifying publications that mention the specific term 'reference architecture'. List/Combine is also relevant as the answer will likely involve enumerating multiple publications that discuss this concept.,"['Concept', 'Research']","The question is asking about publications that discuss the concept of reference architecture, which falls under the category of 'Concept' as it pertains to a specific idea in software architecture. Additionally, it relates to 'Research' since it seeks information on publications, indicating a need for research-related insights.",,,,"Several publications discuss the concept of reference architecture. These include ""Abstraction Layered Architecture: Writing Maintainable Embedded Code"" [1], ""Updating Service-Based Software Systems in Air-Gapped Environments"" [2], and ""Assessing Adaptability of Software Architectures for Cyber Physical Production Systems"" [3].

[1] Source: Abstraction Layered Architecture: Writing Maintainable Embedded Code, 10.1007/978-3-030-00761-4_9
[2] Source: Updating Service-Based Software Systems in Air-Gapped Environments, 10.1007/978-3-030-86044-8_10
[3] Source: Assessing Adaptability of Software Architectures for Cyber Physical Production Systems, 10.1007/978-3-030-29983-5_10
","||(Reference Architecture, http://www.w3.org/2000/01/rdf-schema#label, Reference Architecture)||||(Reference Architecture, http://example.org/hasDescription, A cohesive reference architecture like ALA for achieving maintainability by design.)||||(Reference Architecture, http://www.w3.org/1999/02/22-rdf-syntax-ns#type, http://example.org/ResearchObject)||||(Product Quality, http://example.org/examines, FunctionalSuitability)||||(Product Quality, http://www.w3.org/2000/01/rdf-schema#label, Product Quality)||||(Product Quality, http://www.w3.org/1999/02/22-rdf-syntax-ns#type, http://example.org/Property)||||(http://ressource.org/evaluation_30, http://example.org/hasEvaluationMethod, Case Study)||||(http://ressource.org/evaluation_30, http://www.w3.org/1999/02/22-rdf-syntax-ns#type, http://example.org/Evaluation)||||(Reference Architecture, http://www.w3.org/1999/02/22-rdf-syntax-ns#type, http://example.org/Contribution)||||(Abstraction Layered Architecture: Writing Maintainable Embedded Code, http://example.org/hasResearchQuestion, How, and to what extent, can the practices identified in RQ1 be used to emerge a reference architecture?)||||(Reference Architecture, http://www.w3.org/2000/01/rdf-schema#label, Reference Architecture)||||(Reference Architecture, http://www.w3.org/1999/02/22-rdf-syntax-ns#type, http://example.org/ResearchObject)||||(Product Quality, http://example.org/examines, Contextcoverage)||||(http://ressource.org/evaluation_37, http://example.org/hasEvaluationMethod, Case Study)||||(Product Quality, http://www.w3.org/1999/02/22-rdf-syntax-ns#type, http://example.org/Property)||||(Product Quality, http://www.w3.org/2000/01/rdf-schema#label, Quality in Use)||||(Product Quality, http://www.w3.org/2000/01/rdf-schema#label, Product Quality)||||(Product Quality, http://example.org/examines, Satisfaction)||||(Product Quality, http://example.org/examines, Performanceefficiency)||||(http://ressource.org/evaluation_37, http://www.w3.org/1999/02/22-rdf-syntax-ns#type, http://example.org/Evaluation)||||(Reference Architecture, http://www.w3.org/2000/01/rdf-schema#label, Reference Architecture)||||(http://ressource.org/evaluation_29, http://example.org/hasEvaluationMethod, Argumentation)||||(http://ressource.org/evaluation_28, http://example.org/hasEvaluationMethod, Motivating Example)||||(Reference Architecture, http://www.w3.org/1999/02/22-rdf-syntax-ns#type, http://example.org/ResearchObject)||||(http://ressource.org/evaluation_28, http://www.w3.org/1999/02/22-rdf-syntax-ns#type, http://example.org/Evaluation)||||(Product Quality, http://www.w3.org/2000/01/rdf-schema#label, Product Quality)||||(Product Quality, http://www.w3.org/1999/02/22-rdf-syntax-ns#type, http://example.org/Property)||||(Product Quality, http://example.org/examines, Portability)||||(Assessing Adaptability of Software Architectures for Cyber Physical Production Systems, http://example.org/hasResearchQuestion, What are the specific adaptation consequences when implementing machines according to the reference architecture?)||||(IEC 61499 Architecture, http://www.w3.org/2000/01/rdf-schema#label, IEC 61499 Architecture)||",0.46,0.43,0.5,0.43,0.0,0.0,0.0,0.67,0.99,0.87,0.38,0.1,0.41,1.0,0.0,0.0,15.799437999725342,0.09479205,534543,24,0.00023042754549791196,AMD Ryzen 9 5900X 12-Core Processor,0,0.0,,Linux-5.15.146.1-microsoft-standard-WSL2-x86_64-with-glibc2.35,2.564189498113101e-05,0.00025606944047904293,2025-01-10T15:07:48,15.800783120999768,9.754965335049141e-05,Which publications discuss the concept of reference architecture?,The publications that discuss the concept of Reference Architecture are 'Updating Service-Based Software Systems in Air-Gapped Environments' and 'Assessing Adaptability of Software Architectures for Cyber Physical Production Systems'. Both papers mention Reference Architecture as a key topic.,,,"['(Updating Service-Based Software Systems in Air-Gapped Environments, http://example.org/hasResearchObject, Reference Architecture)', '(Assessing Adaptability of Software Architectures for Cyber Physical Production Systems, http://example.org/hasResearchObject, Reference Architecture)']",clustering_strategy,,,"['String Operation', 'List/Combine']",String Operation is appropriate because the question requires identifying publications that mention the specific term 'reference architecture'. List/Combine is also relevant as the answer will likely involve enumerating multiple publications that discuss this concept.,"['Concept', 'Research']","The question is asking about publications that discuss the concept of reference architecture, which falls under the category of 'Concept' as it pertains to a specific idea in software architecture. Additionally, it relates to 'Research' since it seeks information on publications, indicating a need for research-related insights.",,,,
2,3a5e4be503bf6fb9b961f706c0244755,50527f73-7896-43ad-8a15-6b9c613a402e,Which publications discuss the concept of Architecture Description Language?,The publications that discuss the concept of Architecture Description Language are: 1. 'Data-Driven Software Architecture for Analyzing Confidentiality' 2. 'Formally Describing Self-organizing Architectures for Systems-of-Systems on the Internet-of-Things' 3. 'Infrastructure-as-Code for Data-Intensive Architectures: A Model-Driven Development Approach'.,"['(Data-Driven Software Architecture for Analyzing Confidentiality, http://example.org/hasResearchObject, Architecture Description Language)', '(Formally Describing Self-organizing Architectures for Systems-of-Systems on the Internet-of-Things, http://example.org/hasResearchObject, Architecture Description Language)', '(Infrastructure-as-Code for Data-Intensive Architectures: A Model-Driven Development Approach, http://example.org/hasResearchObject, Architecture Description Language)']",,,clustering_strategy,,['String Operation'],String Operation is appropriate because the question requires identifying publications that mention the specific term 'Architecture Description Language'. The task involves searching for the presence of this phrase in the titles or content of publications.,"['Description', 'Concept', 'Research']","The question seeks to identify publications that provide definitions or descriptions of the Architecture Description Language, which falls under the 'Description' category. It also pertains to the conceptual understanding of the language, thus fitting the 'Concept' category. Additionally, it relates to research as it inquires about scholarly publications discussing this topic.",,,,"Several publications discuss the concept of Architecture Description Language. These include the paper titled ""DesignDiff: Continuously Modeling Software Design Difference from Code Revisions"" [1], ""Data-Driven Software Architecture for Analyzing Confidentiality"" [2], ""Infrastructure-as-Code for Data-Intensive Architectures: A Model-Driven Development Approach"" [3], and ""Formally Describing Self-organizing Architectures for Systems-of-Systems on the Internet-of-Things"" [4].

[1] Source: DesignDiff: Continuously Modeling Software Design Difference from Code Revisions, 10.1109/ICSA47634.2020.00025
[2] Source: Data-Driven Software Architecture for Analyzing Confidentiality, 10.1109/ICSA.2019.00009
[3] Source: Infrastructure-as-Code for Data-Intensive Architectures: A Model-Driven Development Approach, 10.1109/ICSA.2018.00025
[4] Source: Formally Describing Self-organizing Architectures for Systems-of-Systems on the Internet-of-Things, 10.1007/978-3-030-00761-4_2
","||(Architecture Description Language, http://www.w3.org/2000/01/rdf-schema#label, Architecture Description Language)||||(Architecture Description Language, http://www.w3.org/1999/02/22-rdf-syntax-ns#type, http://example.org/ResearchObject)||||(http://ressource.org/evaluation_34, http://www.w3.org/1999/02/22-rdf-syntax-ns#type, http://example.org/Evaluation)||||(Product Quality, http://example.org/examines, FunctionalSuitability)||||(http://ressource.org/evaluation_35, http://example.org/hasEvaluationMethod, Technical Experiment)||||(Product Quality, http://example.org/examines, Performanceefficiency)||||(Product Quality, http://www.w3.org/1999/02/22-rdf-syntax-ns#type, http://example.org/Property)||||(http://ressource.org/evaluation_34, http://example.org/hasEvaluationMethod, Controlled Experiment)||||(Product Quality, http://example.org/examines, Usability)||||(Product Quality, http://www.w3.org/2000/01/rdf-schema#label, Product Quality)||||(Architecture Description Language, http://www.w3.org/2000/01/rdf-schema#label, Architecture Description Language)||||(Architecture Description Language, http://www.w3.org/1999/02/22-rdf-syntax-ns#type, http://example.org/ResearchObject)||||(Model for Data-Driven Software Architecture (DDSA), http://www.w3.org/2000/01/rdf-schema#label, Model for Data-Driven Software Architecture (DDSA))||||(Architecture Analysis Method, http://www.w3.org/2000/01/rdf-schema#label, Architecture Analysis Method)||||(Palladio Component Model (PCM), http://example.org/hasDescription, An established Architectural Description Language (ADL) used to describe software systems, which we extend for our analysis.)||||(Data-Driven Software Architecture (DDSA), http://www.w3.org/2000/01/rdf-schema#label, Data-Driven Software Architecture (DDSA))||||(http://ressource.org/evaluation_5, http://www.w3.org/1999/02/22-rdf-syntax-ns#type, http://example.org/Evaluation)||||(Data-Driven Software Architecture (DDSA), http://www.w3.org/1999/02/22-rdf-syntax-ns#type, http://example.org/BackgroundConcept)||||(Model for Data-Driven Software Architecture (DDSA), http://www.w3.org/1999/02/22-rdf-syntax-ns#type, http://example.org/Contribution)||||(Model for Data-Driven Software Architecture (DDSA), http://example.org/hasDescription, A model that represents data and data processing operations as first-class entities for analyzing confidentiality.)||||(Architecture Description Language, http://www.w3.org/2000/01/rdf-schema#label, Architecture Description Language)||||(Architecture Description Language, http://www.w3.org/1999/02/22-rdf-syntax-ns#type, http://example.org/ResearchObject)||||(Product Quality, http://example.org/examines, Effectiveness)||||(Product Quality, http://example.org/examines, FunctionalSuitability)||||(http://ressource.org/evaluation_18, http://www.w3.org/1999/02/22-rdf-syntax-ns#type, http://example.org/Evaluation)||||(Product Quality, http://example.org/examines, Satisfaction)||||(http://ressource.org/evaluation_18, http://example.org/hasEvaluationMethod, Case Study)||||(http://ressource.org/evaluation_19, http://example.org/hasEvaluationMethod, Technical Experiment)||||(Product Quality, http://www.w3.org/1999/02/22-rdf-syntax-ns#type, http://example.org/Property)||||(Product Quality, http://example.org/examines, Performanceefficiency)||||(Architecture Description Language, http://www.w3.org/2000/01/rdf-schema#label, Architecture Description Language)||||(Architecture Description Language, http://www.w3.org/1999/02/22-rdf-syntax-ns#type, http://example.org/ResearchObject)||||(http://ressource.org/evaluation_0, http://example.org/hasEvaluationMethod, Case Study)||||(http://ressource.org/evaluation_0, http://www.w3.org/1999/02/22-rdf-syntax-ns#type, http://example.org/Evaluation)||||(Product Quality, http://example.org/examines, FunctionalSuitability)||||(Product Quality, http://www.w3.org/2000/01/rdf-schema#label, Quality in Use)||||(Product Quality, http://www.w3.org/2000/01/rdf-schema#label, Product Quality)||||(Product Quality, http://www.w3.org/1999/02/22-rdf-syntax-ns#type, http://example.org/Property)||||(Formally Describing Self-organizing Architectures for Systems-of-Systems on the Internet-of-Things, http://example.org/hasResult, Using a formal ADL compels SoS architects to study different architectural alternatives and take key architectural decisions to enable the emergence of self-organizing behaviors in SoS architectures.)||||(Product Quality, http://example.org/examines, Satisfaction)||",0.62,0.44,0.5,0.0,0.33,0.0,0.03,0.5,0.99,0.88,0.34,0.13,0.49,1.0,0.0,0.0,17.499932289123535,0.210111,1181575,24,0.00025522873314167403,AMD Ryzen 9 5900X 12-Core Processor,0,0.0,,Linux-5.15.146.1-microsoft-standard-WSL2-x86_64-with-glibc2.35,2.840176387031697e-05,0.000283630497011991,2025-01-10T15:10:41,17.5014362289985,0.00010804903783671798,Which publications discuss the concept of Architecture Description Language?,The publications that discuss the concept of Architecture Description Language are: 1. 'Data-Driven Software Architecture for Analyzing Confidentiality' 2. 'Formally Describing Self-organizing Architectures for Systems-of-Systems on the Internet-of-Things' 3. 'Infrastructure-as-Code for Data-Intensive Architectures: A Model-Driven Development Approach'.,,,"['(Data-Driven Software Architecture for Analyzing Confidentiality, http://example.org/hasResearchObject, Architecture Description Language)', '(Formally Describing Self-organizing Architectures for Systems-of-Systems on the Internet-of-Things, http://example.org/hasResearchObject, Architecture Description Language)', '(Infrastructure-as-Code for Data-Intensive Architectures: A Model-Driven Development Approach, http://example.org/hasResearchObject, Architecture Description Language)']",clustering_strategy,,,['String Operation'],String Operation is appropriate because the question requires identifying publications that mention the specific term 'Architecture Description Language'. The task involves searching for the presence of this phrase in the titles or content of publications.,"['Description', 'Concept', 'Research']","The question seeks to identify publications that provide definitions or descriptions of the Architecture Description Language, which falls under the 'Description' category. It also pertains to the conceptual understanding of the language, thus fitting the 'Concept' category. Additionally, it relates to research as it inquires about scholarly publications discussing this topic.",,,,
3,3a5e4be503bf6fb9b961f706c0244755,d56ba8f9-44c8-4900-a4bb-27ef65cb9594,Which publications discuss architectural aspects related to data protection by design?,"The publications that discuss architectural aspects related to data protection by design include the paper titled ""An Architectural View for Data Protection by Design"". Additionally, the paper titled ""Architectural Security Weaknesses in Industrial Control Systems (ICS) an Empirical Study Based on Disclosed Software Vulnerabilities"" also addresses architectural aspects, although it focuses on security weaknesses rather than data protection specifically.","['(An Architectural View for Data Protection by Design, http://example.org/hasResearchObject, Architectural Aspects)', '(Architectural Security Weaknesses in Industrial Control Systems (ICS) an Empirical Study Based on Disclosed Software Vulnerabilities, http://example.org/hasResearchObject, Architectural Aspects)']",,,clustering_strategy,,"['List/Combine', 'String Operation']",List/Combine is appropriate because the question seeks to identify and enumerate publications that discuss specific architectural aspects related to data protection by design. String Operation is also relevant as it may involve searching for specific keywords or phrases related to 'architectural aspects' and 'data protection by design' in the titles or abstracts of the publications.,"['Research', 'Concept', 'Procedure']","The question seeks to identify publications that address architectural aspects of data protection by design, which falls under research as it pertains to exploring existing literature. It also relates to concepts in software architecture and procedures that may be involved in implementing data protection strategies.",,,,"Several publications discuss architectural aspects related to data protection by design. One such paper is titled ""An Architectural View for Data Protection by Design,"" which provides insights into the architectural considerations necessary for implementing data protection principles [1]. Another relevant publication is ""Data-Driven Software Architecture for Analyzing Confidentiality,"" which focuses on Data-Driven Software Architecture (DDSA) and emphasizes the systematic definition and analysis of confidentiality constraints within software architecture. This paper also addresses the existing gaps in systematic support for integrating confidentiality into architectural design phases [2]. Additionally, the paper ""Predicting the Performance of Privacy-Preserving Data Analytics Using Architecture Modelling and Simulation"" explores architectural aspects through the lens of Architectural Assumptions and Architectural Decision Making Support, further contributing to the discourse on data protection by design [3].

[1] Source: An Architectural View for Data Protection by Design, 10.1109/ICSA.2019.00010
[2] Source: Data-Driven Software Architecture for Analyzing Confidentiality, 10.1109/ICSA.2019.00009
[3] Source: Predicting the Performance of Privacy-Preserving Data Analytics Using Architecture Modelling and Simulation, 10.1109/ICSA.2018.00026
","||(IEEE, http://www.w3.org/2000/01/rdf-schema#label, IEEE)||||(An Architectural View for Data Protection by Design, http://example.org/hasResearchQuestion, How can an architectural viewpoint be developed to describe software architectures from a legal, data protection perspective?)||||(An Architectural View for Data Protection by Design, http://schema.org/datePublished, 2019)||||(An Architectural View for Data Protection by Design, http://www.w3.org/2000/01/rdf-schema#label, An Architectural View for Data Protection by Design)||||(Architectural Aspects, http://www.w3.org/2000/01/rdf-schema#label, Architectural Aspects)||||(http://ressource.org/evaluation_17, http://example.org/hasEvaluationMethod, Motivating Example)||||(An Architectural View for Data Protection by Design, http://example.org/hasResearchQuestion, What are the benefits of integrating legal and software engineering perspectives in data protection by design?)||||(An Architectural View for Data Protection by Design, http://example.org/proposesFutureResearch, Future work includes further alignment between the data protection view and other architectural viewpoints and relevant artifacts.)||||(Architectural Viewpoint for Data Protection, http://example.org/hasDescription, The paper presents a complementary architectural viewpoint for data protection that aligns with GDPR requirements, enhancing compliance processes.)||||(An Architectural View for Data Protection by Design, http://example.org/hasResult, The data protection viewpoint provides support for assessing legal requirements imposed by the GDPR, including purpose limitation and data minimization.)||||(Data-Driven Software Architecture for Analyzing Confidentiality, http://example.org/addressesProblem, There is no systematic support for considering confidentiality in architectural design phases.)||||(IEEE, http://www.w3.org/2000/01/rdf-schema#label, IEEE)||||(Data-Driven Software Architecture for Analyzing Confidentiality, http://www.w3.org/2000/01/rdf-schema#label, Data-Driven Software Architecture for Analyzing Confidentiality)||||(Architecture Description Language, http://www.w3.org/1999/02/22-rdf-syntax-ns#type, http://example.org/ResearchObject)||||(Data-Driven Software Architecture (DDSA), http://example.org/hasDescription, A model that describes data and data processing on an architectural level, enabling the analysis of confidentiality requirements.)||||(Data-Driven Software Architecture for Analyzing Confidentiality, http://example.org/hasResearchQuestion, How can confidentiality constraints be systematically defined and analyzed in software architecture?)||||(Architecture Description Language, http://www.w3.org/2000/01/rdf-schema#label, Architecture Description Language)||||(Data-Driven Software Architecture (DDSA), http://www.w3.org/1999/02/22-rdf-syntax-ns#type, http://example.org/BackgroundConcept)||||(Data-Driven Software Architecture (DDSA), http://www.w3.org/2000/01/rdf-schema#label, Data-Driven Software Architecture (DDSA))||||(Data-Driven Software Architecture for Analyzing Confidentiality, http://schema.org/datePublished, 2019)||||(Architectural Assumptions, http://www.w3.org/1999/02/22-rdf-syntax-ns#type, http://example.org/ResearchObject)||||(Predicting the Performance of Privacy-Preserving Data Analytics Using Architecture Modelling and Simulation, http://example.org/addressesProblem, There are many subsidiary design decisions related to the selection of a system architecture that need to be supported for privacy-preserving data analytics systems.)||||(Architectural Decision Making Support, http://example.org/hasDescription, Discussion on how to use performance models for architectural decision making of privacy-preserving data analytics systems.)||||(http://ressource.org/evaluation_9, http://example.org/hasEvaluationMethod, Case Study)||||(http://ressource.org/evaluation_9, http://www.w3.org/1999/02/22-rdf-syntax-ns#type, http://example.org/Evaluation)||||(Architectural Assumptions, http://www.w3.org/2000/01/rdf-schema#label, Architectural Assumptions)||||(IEEE, http://www.w3.org/2000/01/rdf-schema#label, IEEE)||||(Architectural Decision Making Support, http://www.w3.org/2000/01/rdf-schema#label, Architectural Decision Making Support)||||(Product Quality, http://www.w3.org/2000/01/rdf-schema#label, Product Quality)||||(Privacy-Preserving Data Analytics, http://www.w3.org/2000/01/rdf-schema#label, Privacy-Preserving Data Analytics)||",0.25,0.17,0.5,0.77,0.5,0.64,0.84,0.2,1.0,0.88,0.26,0.11,0.26,1.0,0.0,0.0,17.80354928970337,0.35723789999999983,2024982,24,0.00028934372907706723,AMD Ryzen 9 5900X 12-Core Processor,0,0.0,,Linux-5.15.146.1-microsoft-standard-WSL2-x86_64-with-glibc2.35,3.219767472084679e-05,0.00032154140379791405,2025-01-10T15:14:28,19.84074887799943,0.00012249119777681537,Which publications discuss architectural aspects related to data protection by design?,"The publications that discuss architectural aspects related to data protection by design include the paper titled ""An Architectural View for Data Protection by Design"". Additionally, the paper titled ""Architectural Security Weaknesses in Industrial Control Systems (ICS) an Empirical Study Based on Disclosed Software Vulnerabilities"" also addresses architectural aspects, although it focuses on security weaknesses rather than data protection specifically.",,,"['(An Architectural View for Data Protection by Design, http://example.org/hasResearchObject, Architectural Aspects)', '(Architectural Security Weaknesses in Industrial Control Systems (ICS) an Empirical Study Based on Disclosed Software Vulnerabilities, http://example.org/hasResearchObject, Architectural Aspects)']",clustering_strategy,,,"['List/Combine', 'String Operation']",List/Combine is appropriate because the question seeks to identify and enumerate publications that discuss specific architectural aspects related to data protection by design. String Operation is also relevant as it may involve searching for specific keywords or phrases related to 'architectural aspects' and 'data protection by design' in the titles or abstracts of the publications.,"['Research', 'Concept', 'Procedure']","The question seeks to identify publications that address architectural aspects of data protection by design, which falls under research as it pertains to exploring existing literature. It also relates to concepts in software architecture and procedures that may be involved in implementing data protection strategies.",,,,
4,3a5e4be503bf6fb9b961f706c0244755,7077bd9f-00dd-41a0-a8e9-352c27545e2a,Which publications discuss the architecture design method?,The following publications discuss the Architecture Design Method: 1. Microservice Ambients: An Architectural Meta-Modelling Approach for Microservice Granularity 2. REST vs GraphQL: A Controlled Experiment 3. A Complexity Metric for Microservices Architecture Migration 4. A Goal-Driven Approach for Deploying Self-Adaptive IoT Systems 5. A Survey on Big Data Analytics Solutions Deployment 6. A Runtime Safety Enforcement Approach by Monitoring and Adaptation.,"['(Microservice Ambients: An Architectural Meta-Modelling Approach for Microservice Granularity, http://example.org/hasResearchObject, Architecture Design Method)', '(REST vs GraphQL: A Controlled Experiment, http://example.org/hasResearchObject, Architecture Design Method)', '(A Complexity Metric for Microservices Architecture Migration, http://example.org/hasResearchObject, Architecture Design Method)', '(A Goal-Driven Approach for Deploying Self-Adaptive IoT Systems, http://example.org/hasResearchObject, Architecture Design Method)', '(A Survey on Big Data Analytics Solutions Deployment, http://example.org/hasResearchObject, Architecture Design Method)', '(A Runtime Safety Enforcement Approach by Monitoring and Adaptation, http://example.org/hasResearchObject, Architecture Design Method)']",,,clustering_strategy,,['String Operation'],"String Operation is appropriate because the question requires identifying publications that mention a specific term, 'architecture design method', in their content. The task involves searching for the presence of this phrase in the titles or abstracts of the publications.","['Methodology', 'Research']","The question seeks information about publications related to a specific method in architecture design, which falls under the category of Methodology. Additionally, it implies a search for research-related content, thus also fitting the Research category.",,,,"Several publications discuss the architecture design method, including:

1. ""Microservice Ambients: An Architectural Meta-Modelling Approach for Microservice Granularity"" [1].
2. ""REST vs GraphQL: A Controlled Experiment"" [2].
3. ""A Survey on Big Data Analytics Solutions Deployment"" [3].
4. ""Architectural Design Decisions for Systems Supporting Model-Based Analysis of Runtime Events: A Qualitative Multi-method Study,"" which focuses on Architecture Decision Making and the Architectural Guidance Model [4].
5. ""A Complexity Metric for Microservices Architecture Migration"" [5].

[1] Source: Microservice Ambients: An Architectural Meta-Modelling Approach for Microservice Granularity, 10.1109/ICSA.2017.32
[2] Source: REST vs GraphQL: A Controlled Experiment, 10.1109/ICSA47634.2020.00016
[3] Source: A Survey on Big Data Analytics Solutions Deployment, 10.1007/978-3-030-29983-5_13
[4] Source: Architectural Design Decisions for Systems Supporting Model-Based Analysis of Runtime Events: A Qualitative Multi-method Study, 10.1109/ICSA.2018.00021
[5] Source: A Complexity Metric for Microservices Architecture Migration, 10.1109/ICSA47634.2020.00024
","||(Architecture Design Method, http://www.w3.org/2000/01/rdf-schema#label, Architecture Design Method)||||(Architecture Design Method, http://www.w3.org/1999/02/22-rdf-syntax-ns#type, http://example.org/ResearchObject)||||(http://ressource.org/evaluation_4, http://www.w3.org/1999/02/22-rdf-syntax-ns#type, http://example.org/Evaluation)||||(http://ressource.org/evaluation_4, http://example.org/hasEvaluationMethod, Motivating Example)||||(Product Quality, http://example.org/examines, FunctionalSuitability)||||(Product Quality, http://example.org/examines, Portability)||||(Product Quality, http://www.w3.org/2000/01/rdf-schema#label, Product Quality)||||(Product Quality, http://www.w3.org/1999/02/22-rdf-syntax-ns#type, http://example.org/Property)||||(Architectural Configuration Modelling, http://example.org/hasDescription, A method for creating different configurations by instantiating elements including ambients and defining ambient hierarchies.)||||(Architectural Configuration Modelling, http://www.w3.org/2000/01/rdf-schema#label, Architectural Configuration Modelling)||||(Architecture Design Method, http://www.w3.org/2000/01/rdf-schema#label, Architecture Design Method)||||(Architecture Design Method, http://www.w3.org/1999/02/22-rdf-syntax-ns#type, http://example.org/ResearchObject)||||(http://ressource.org/evaluation_1, http://example.org/hasFirstEvaluation, Referenced Evaluation Guideline)||||(http://ressource.org/evaluation_1, http://www.w3.org/1999/02/22-rdf-syntax-ns#type, http://example.org/Evaluation)||||(International Conference on Software Architecture (ICSA, http://www.w3.org/1999/02/22-rdf-syntax-ns#type, http://class.org/venue)||||(International Conference on Software Architecture (ICSA, http://www.w3.org/2000/01/rdf-schema#label, International Conference on Software Architecture (ICSA)||||(IEEE, http://www.w3.org/2000/01/rdf-schema#label, IEEE)||||(REST, http://example.org/hasDescription, An architectural style for implementing distributed systems, defining a set of constraints intended to improve performance, availability, and scalability.)||||(Web Services, http://www.w3.org/2000/01/rdf-schema#label, Web Services)||||(REST vs GraphQL: A Controlled Experiment, http://example.org/hasPaperclass, ['Validation Research', 'Evaluation Research'])||||(Architecture Design Method, http://www.w3.org/2000/01/rdf-schema#label, Architecture Design Method)||||(Architecture Design Method, http://www.w3.org/1999/02/22-rdf-syntax-ns#type, http://example.org/ResearchObject)||||(http://ressource.org/evaluation_16, http://www.w3.org/1999/02/22-rdf-syntax-ns#type, http://example.org/Evaluation)||||(http://ressource.org/evaluation_16, http://example.org/hasEvaluationMethod, Questionnaire)||||(Quality in Use, http://example.org/examines, Efficiency)||||(Quality in Use, http://example.org/examines, Satisfaction)||||(Quality in Use, http://www.w3.org/2000/01/rdf-schema#label, Quality in Use)||||(Quality in Use, http://www.w3.org/1999/02/22-rdf-syntax-ns#type, http://example.org/Property)||||(A Survey on Big Data Analytics Solutions Deployment, http://example.org/addressesProblem, Previous works have tackled BDA adoption and challenges in analytics practices, and they will be reviewed in Sect. 2, but little research has been carried out to identify practices, behavior, and procedures from the perspective of software engineering and architecture.)||||(European Conference on Software Architecture (ECSA, http://www.w3.org/2000/01/rdf-schema#label, European Conference on Software Architecture (ECSA)||||(Architecture Decision Making, http://www.w3.org/2000/01/rdf-schema#label, Architecture Decision Making)||||(http://ressource.org/evaluation_8, http://www.w3.org/1999/02/22-rdf-syntax-ns#type, http://example.org/Evaluation)||||(Quality in Use, http://example.org/examines, Effectiveness)||||(Architecture Decision Making, http://www.w3.org/1999/02/22-rdf-syntax-ns#type, http://example.org/ResearchObject)||||(Quality in Use, http://www.w3.org/2000/01/rdf-schema#label, Quality in Use)||||(Architectural Guidance Model, http://example.org/hasDescription, Initial steps towards a model that assists software architects in choosing between solution alternatives for model-based analysis support systems.)||||(IEEE, http://www.w3.org/2000/01/rdf-schema#label, IEEE)||||(Architectural Design Decisions for Systems Supporting Model-Based Analysis of Runtime Events: A Qualitative Multi-method Study, http://example.org/addressesProblem, The novice architects had to take constrained resources, network outages and platform limitations into consideration.)||||(Quality in Use, http://www.w3.org/1999/02/22-rdf-syntax-ns#type, http://example.org/Property)||||(Architectural Guidance Model, http://www.w3.org/2000/01/rdf-schema#label, Architectural Guidance Model)||||(Architecture Design Method, http://www.w3.org/2000/01/rdf-schema#label, Architecture Design Method)||||(Architecture Design Method, http://www.w3.org/1999/02/22-rdf-syntax-ns#type, http://example.org/ResearchObject)||||(http://ressource.org/evaluation_12, http://example.org/hasEvaluationMethod, Technical Experiment)||||(http://ressource.org/evaluation_12, http://www.w3.org/1999/02/22-rdf-syntax-ns#type, http://example.org/Evaluation)||||(Product Quality, http://example.org/examines, FunctionalSuitability)||||(Product Quality, http://www.w3.org/1999/02/22-rdf-syntax-ns#type, http://example.org/Property)||||(Product Quality, http://www.w3.org/2000/01/rdf-schema#label, Product Quality)||||(A Complexity Metric for Microservices Architecture Migration, http://example.org/hasPaperclass, ['Proposal of Solution', 'Validation Research'])||||(A Complexity Metric for Microservices Architecture Migration, http://example.org/hasLimitation, The approach does not consider the infrastructural implementation effort, focusing instead on the impact on functionality redesign.)||||(Complexity Metric, http://www.w3.org/1999/02/22-rdf-syntax-ns#type, http://example.org/Method)||",0.56,0.38,0.71,0.38,0.0,0.05,0.16,0.21,0.99,0.87,0.33,0.15,0.38,1.0,0.0,0.0,22.924243688583374,0.4882648499999997,2772990,24,0.0003641440412749754,AMD Ryzen 9 5900X 12-Core Processor,0,0.0,,Linux-5.15.146.1-microsoft-standard-WSL2-x86_64-with-glibc2.35,4.052212974959366e-05,0.00040466617102456905,2025-01-10T15:18:10,24.9699190070005,0.0001541575778518096,Which publications discuss the architecture design method?,The following publications discuss the Architecture Design Method: 1. Microservice Ambients: An Architectural Meta-Modelling Approach for Microservice Granularity 2. REST vs GraphQL: A Controlled Experiment 3. A Complexity Metric for Microservices Architecture Migration 4. A Goal-Driven Approach for Deploying Self-Adaptive IoT Systems 5. A Survey on Big Data Analytics Solutions Deployment 6. A Runtime Safety Enforcement Approach by Monitoring and Adaptation.,,,"['(Microservice Ambients: An Architectural Meta-Modelling Approach for Microservice Granularity, http://example.org/hasResearchObject, Architecture Design Method)', '(REST vs GraphQL: A Controlled Experiment, http://example.org/hasResearchObject, Architecture Design Method)', '(A Complexity Metric for Microservices Architecture Migration, http://example.org/hasResearchObject, Architecture Design Method)', '(A Goal-Driven Approach for Deploying Self-Adaptive IoT Systems, http://example.org/hasResearchObject, Architecture Design Method)', '(A Survey on Big Data Analytics Solutions Deployment, http://example.org/hasResearchObject, Architecture Design Method)', '(A Runtime Safety Enforcement Approach by Monitoring and Adaptation, http://example.org/hasResearchObject, Architecture Design Method)']",clustering_strategy,,,['String Operation'],"String Operation is appropriate because the question requires identifying publications that mention a specific term, 'architecture design method', in their content. The task involves searching for the presence of this phrase in the titles or abstracts of the publications.","['Methodology', 'Research']","The question seeks information about publications related to a specific method in architecture design, which falls under the category of Methodology. Additionally, it implies a search for research-related content, thus also fitting the Research category.",,,,
