,config_hash,uid,question_result,golden_answer_result,golden_triples_result,topic_entity_id_result,topic_entity_value_result,is_generated_with_result,knowledge_representation_type_result,question_type_result,question_type_reasoning_result,answer_type_result,answer_type_reasoning_result,information_type_result,hop_amount_result,based_on_template_result,generated_answer,retrieved_context,llm_context_precision_with_reference,llm_context_precision_without_reference,answer_relevancy,semantic_similarity,non_llm_string_similarity,bleu_score,rouge_score,entity_presence,triple_presence,hit@10,runtime,llm_cost,llm_tokens,cpu_count,cpu_energy_consumption,cpu_model,gpu_count,gpu_energy_consumption,gpu_model,os,ram_energy_consumption,total_energy_consumption,timestamp,tracking_duration,emissions,question_question,golden_answer_question,source_ids,golden_doc_chunks,golden_triples_question,is_generated_with_question,topic_entity_id_question,knowledge_representation_type_question,question_type_question,question_type_reasoning_question,answer_type_question,answer_type_reasoning_question,information_type_question,topic_entity_value_question,hop_amount_question,based_on_template_question
0,a7687c78bda324f1d0d15233073db0b2,66ce430a-6ce6-490f-8f75-ec8d260d72b6,Which publications discuss the research topic known as 'Architecture Extraction'?,The publications that discuss the research object known as 'Architecture Extraction' are: 1. 'Determination and Enforcement of Least-Privilege Architecture in Android' 2. 'Constructing a Shared Infrastructure for Software Architecture Analysis and Maintenance'.,"['(Determination and Enforcement of Least-Privilege Architecture in Android, http://example.org/hasResearchObject, Architecture Extraction)', '(Constructing a Shared Infrastructure for Software Architecture Analysis and Maintenance, http://example.org/hasResearchObject, Architecture Extraction)']",,,clustering_strategy,,['String Operation'],String Operation is appropriate because the question requires identifying publications that mention the specific term 'Architecture Extraction'. The task involves searching for the presence of this phrase in the titles or content of the publications.,['Research'],"The question seeks information about publications related to a specific research topic, which falls under the category of research.",,,," Based on the provided texts, we can confirm that the following publications discuss or are related to the research topic known as 'Architecture Extraction':

   1. ""Determination and Enforcement of Least-Privilege Architecture in Android"" [3]
   2. The exploratory study on Architectural Knowledge in Issue Tracking Systems, although it does not explicitly discuss 'Architecture Extraction', it aims to automatically extract Architectural Knowledge concepts from issues, which can be interpreted as a form of architecture extraction [2]. Further investigation and analysis would be required to confirm this.

   It is also possible that publications related to 'Trace Link Recovery for Software Architecture Documentation' could indirectly discuss or touch upon the concept of 'Architecture Extraction', but further investigation and analysis would be required to confirm this [4].

   The paper ""Constructing a Shared Infrastructure for Software Architecture Analysis and Maintenance"" can be inferred to discuss the research topic of 'Architecture Extraction' since it is part of the architecture extraction process, but it does not explicitly state that the current study discusses 'Architecture Extraction' [1].

   Lastly, the paper ""Identifying and Prioritizing Architectural Debt Through Architectural Smells: A Case Study in a Large Software Company"" does not discuss the research topic known as 'Architecture Extraction' [5].

[1] Source: Constructing a Shared Infrastructure for Software Architecture Analysis and Maintenance, 10.1109/ICSA51549.2021.00022
[2] Source: An Exploratory Study on Architectural Knowledge in Issue Tracking Systems, 10.1007/978-3-030-86044-8_8
[3] Source: Determination and Enforcement of Least-Privilege Architecture in Android, 10.1109/ICSA.2017.18
[4] Source: Trace Link Recovery for Software Architecture Documentation, 10.1007/978-3-030-86044-8_7
[5] Source: Identifying and Prioritizing Architectural Debt Through Architectural Smells: A Case Study in a Large Software Company, 10.1007/978-3-030-00761-4_21
",", (Architecture Extraction, http://www.w3.org/2000/01/rdf-schema#label, Architecture Extraction), (SpringerLink, http://www.w3.org/1999/02/22-rdf-syntax-ns#type, http://class.org/publisher), (Architecture Extraction, http://www.w3.org/2000/01/rdf-schema#label, Architecture Extraction), (Quality of Method, http://www.w3.org/1999/02/22-rdf-syntax-ns#type, http://example.org/Property), (Quality of Method, http://example.org/examines, FunctionalSuitability), (Model Extraction, http://example.org/hasDescription, This step retrieves instances from the architecture model, saving their name, type, and a uniquely traceable identifier.), (SpringerLink, http://www.w3.org/2000/01/rdf-schema#label, SpringerLink), (Product Quality, http://www.w3.org/1999/02/22-rdf-syntax-ns#type, http://example.org/Property), (Architectural Knowledge, Decisions, and Rationale, http://www.w3.org/1999/02/22-rdf-syntax-ns#type, http://class.org/research_field), (Architecture Description, http://www.w3.org/1999/02/22-rdf-syntax-ns#type, http://example.org/ResearchObject), (Francesca Fontana, http://www.w3.org/2000/01/rdf-schema#label, Francesca Fontana), (Quality of Method, http://example.org/examines, Effectiveness), (Quality of Method, http://www.w3.org/2000/01/rdf-schema#label, Product Quality), (Architecture Analysis Method, http://www.w3.org/1999/02/22-rdf-syntax-ns#type, http://example.org/ResearchObject), (An Exploratory Study on Architectural Knowledge in Issue Tracking Systems, http://predicate.org/isbn, 978-3-030-86044-8), (Quality of Method, http://www.w3.org/2000/01/rdf-schema#label, Quality of Method), (SpringerLink, http://www.w3.org/1999/02/22-rdf-syntax-ns#type, http://class.org/publisher), (SpringerLink, http://www.w3.org/2000/01/rdf-schema#label, SpringerLink), (Quality of Method, http://example.org/examines, Accuracy), (Andrea Biaggi, http://www.w3.org/2000/01/rdf-schema#label, Andrea Biaggi), (Yutong Zhao, http://www.w3.org/2000/01/rdf-schema#label, Yutong Zhao), (Constructing a Shared Infrastructure for Software Architecture Analysis and Maintenance, http://predicate.org/doi, 10.1109/ICSA51549.2021.00022), (Identifying and Prioritizing Architectural Debt Through Architectural Smells: A Case Study in a Large Software Company, http://predicate.org/venue_type, Conference), (Architecture Analysis Method, http://www.w3.org/2000/01/rdf-schema#label, Architecture Analysis Method), (Constructing a Shared Infrastructure for Software Architecture Analysis and Maintenance, http://www.w3.org/1999/02/22-rdf-syntax-ns#type, http://schema.org/ScholarlyArticle), (An Exploratory Study on Architectural Knowledge in Issue Tracking Systems, http://example.org/proposesFutureResearch, Our future work aims to expand our study to explore different types of decisions in issue trackers, and to identify and extract the AK concepts automatically from issues.), (An Exploratory Study on Architectural Knowledge in Issue Tracking Systems, http://example.org/hasResearchQuestion, How are AK concepts textually represented within architectural issues that discuss SADDs?), (European Conference on Software Architecture (ECSA, http://www.w3.org/1999/02/22-rdf-syntax-ns#type, http://class.org/venue), (An Exploratory Study on Architectural Knowledge in Issue Tracking Systems, http://www.w3.org/1999/02/22-rdf-syntax-ns#type, http://schema.org/ScholarlyArticle), (Architecture Analysis Method, http://www.w3.org/1999/02/22-rdf-syntax-ns#type, http://example.org/ResearchObject), (International Conference on Software Architecture (ICSA, http://www.w3.org/2000/01/rdf-schema#label, International Conference on Software Architecture (ICSA), (Lu Xiao, http://www.w3.org/2000/01/rdf-schema#label, Lu Xiao), (Architectural Knowledge, Decisions, and Rationale, http://www.w3.org/1999/02/22-rdf-syntax-ns#type, http://class.org/research_field), (Deductive Category Assignment Content Analysis, http://www.w3.org/2000/01/rdf-schema#label, Deductive Category Assignment Content Analysis), (Case Study, http://www.w3.org/1999/02/22-rdf-syntax-ns#type, http://example.org/Method), (Riccardo Roveda, http://www.w3.org/2000/01/rdf-schema#label, Riccardo Roveda), (Nenad Medvidovic, http://www.w3.org/2000/01/rdf-schema#label, Nenad Medvidovic), (Product Quality, http://www.w3.org/1999/02/22-rdf-syntax-ns#type, http://example.org/Property), (SpringerLink, http://www.w3.org/2000/01/rdf-schema#label, SpringerLink), (Software Architecture in Practice, http://www.w3.org/1999/02/22-rdf-syntax-ns#type, http://class.org/research_field), (http://ressource.org/evaluation_23, http://example.org/hasEvaluationMethod, Technical Experiment), (Product Quality, http://example.org/examines, Performanceefficiency), (Identifying and Prioritizing Architectural Debt Through Architectural Smells: A Case Study in a Large Software Company, http://www.w3.org/1999/02/22-rdf-syntax-ns#type, http://schema.org/ScholarlyArticle), (Identifying and Prioritizing Architectural Debt Through Architectural Smells: A Case Study in a Large Software Company, http://schema.org/datePublished, 2018), (Product Quality, http://example.org/examines, FunctionalSuitability), (Product Quality, http://www.w3.org/2000/01/rdf-schema#label, Product Quality), (http://ressource.org/evaluation_23, http://www.w3.org/1999/02/22-rdf-syntax-ns#type, http://example.org/Evaluation), (Determination and Enforcement of Least-Privilege Architecture in Android, http://www.w3.org/1999/02/22-rdf-syntax-ns#type, http://schema.org/ScholarlyArticle), (Hamid Bagheri, http://www.w3.org/2000/01/rdf-schema#label, Hamid Bagheri), (Mahmoud Hammad, http://www.w3.org/2000/01/rdf-schema#label, Mahmoud Hammad)",0.91,1.0,0.98,0.9,0.12,0.05,0.18,1.0,0.0,0.0,28.44743800163269,0.0,0,112,0.0008100197369210138,Intel(R) Xeon(R) Gold 6258R CPU @ 2.70GHz,1,0.0008464598438342463,1 x Tesla V100S-PCIE-32GB,Linux-6.1.0-23-amd64-x86_64-with-glibc2.39,0.0007448277833703899,0.0024013073641256503,2025-01-11T20:24:26,28.454932484019082,0.0009147780403636665,Which publications discuss the research topic known as 'Architecture Extraction'?,The publications that discuss the research object known as 'Architecture Extraction' are: 1. 'Determination and Enforcement of Least-Privilege Architecture in Android' 2. 'Constructing a Shared Infrastructure for Software Architecture Analysis and Maintenance'.,,,"['(Determination and Enforcement of Least-Privilege Architecture in Android, http://example.org/hasResearchObject, Architecture Extraction)', '(Constructing a Shared Infrastructure for Software Architecture Analysis and Maintenance, http://example.org/hasResearchObject, Architecture Extraction)']",clustering_strategy,,,['String Operation'],String Operation is appropriate because the question requires identifying publications that mention the specific term 'Architecture Extraction'. The task involves searching for the presence of this phrase in the titles or content of the publications.,['Research'],"The question seeks information about publications related to a specific research topic, which falls under the category of research.",,,,
1,a7687c78bda324f1d0d15233073db0b2,1861831e-094b-41e1-a26c-78a2b3d79fbc,Which publications discuss the concept of reference architecture?,The publications that discuss the concept of Reference Architecture are 'Updating Service-Based Software Systems in Air-Gapped Environments' and 'Assessing Adaptability of Software Architectures for Cyber Physical Production Systems'. Both papers mention Reference Architecture as a key topic.,"['(Updating Service-Based Software Systems in Air-Gapped Environments, http://example.org/hasResearchObject, Reference Architecture)', '(Assessing Adaptability of Software Architectures for Cyber Physical Production Systems, http://example.org/hasResearchObject, Reference Architecture)']",,,clustering_strategy,,"['String Operation', 'List/Combine']",String Operation is appropriate because the question requires identifying publications that mention the specific term 'reference architecture'. List/Combine is also relevant as the answer will likely involve enumerating multiple publications that discuss this concept.,"['Concept', 'Research']","The question is asking about publications that discuss the concept of reference architecture, which falls under the category of 'Concept' as it pertains to a specific idea in software architecture. Additionally, it relates to 'Research' since it seeks information on publications, indicating a need for research-related insights.",,,,"1. The concepts of Reference Architecture are discussed in the following publications:
   - [1] The paper titled ""Abstraction Layered Architecture: Writing Maintainable Embedded Code"" discusses a Reference Architecture.
   - [3] The research paper titled ""Assessing Adaptability of Software Architectures for Cyber Physical Production Systems"" discusses the concept of Reference Architecture.
   - [2] The paper titled ""Updating Service-Based Software Systems in Air-Gapped Environments"" presents a Reference Architecture that has been evaluated.

It's worth noting that while the following publication does not explicitly mention 'reference architecture', it could potentially be related to the use of reference architectures:
- [4] ""An Exploratory Study on Architectural Knowledge in Issue Tracking Systems.""

To find more publications specifically discussing Reference Architecture, one may search for scholarly articles with keywords such as ""reference architecture"", ""software architecture framework"", or similar terms.

[1] Source: Abstraction Layered Architecture: Writing Maintainable Embedded Code, 10.1007/978-3-030-00761-4_9
[2] Source: Updating Service-Based Software Systems in Air-Gapped Environments, 10.1007/978-3-030-86044-8_10
[3] Source: Assessing Adaptability of Software Architectures for Cyber Physical Production Systems, 10.1007/978-3-030-29983-5_10
[4] Source: An Exploratory Study on Architectural Knowledge in Issue Tracking Systems, 10.1007/978-3-030-86044-8_8
",", (Reference Architecture, http://www.w3.org/2000/01/rdf-schema#label, Reference Architecture), (Reference Architecture, http://www.w3.org/2000/01/rdf-schema#label, Reference Architecture), (Reference Architecture, http://www.w3.org/1999/02/22-rdf-syntax-ns#type, http://example.org/ResearchObject), (Reference Architecture, http://www.w3.org/2000/01/rdf-schema#label, Reference Architecture), (http://ressource.org/evaluation_30, http://example.org/hasEvaluationMethod, Case Study), (Abstraction Layered Architecture: Writing Maintainable Embedded Code, http://example.org/hasResearchQuestion, How, and to what extent, can the practices identified in RQ1 be used to emerge a reference architecture?), (Product Quality, http://example.org/examines, FunctionalSuitability), (An Exploratory Study on Architectural Knowledge in Issue Tracking Systems, http://example.org/hasResearchQuestion, How are AK concepts textually represented within architectural issues that discuss SADDs?), (Reference Architecture, http://www.w3.org/1999/02/22-rdf-syntax-ns#type, http://example.org/ResearchObject), (Constructing a Shared Infrastructure for Software Architecture Analysis and Maintenance, http://www.w3.org/1999/02/22-rdf-syntax-ns#type, http://schema.org/ScholarlyArticle), (Constructing a Shared Infrastructure for Software Architecture Analysis and Maintenance, http://predicate.org/doi, 10.1109/ICSA51549.2021.00022), (http://ressource.org/evaluation_30, http://www.w3.org/1999/02/22-rdf-syntax-ns#type, http://example.org/Evaluation), (Reference Architecture, http://www.w3.org/1999/02/22-rdf-syntax-ns#type, http://example.org/ResearchObject), (Product Quality, http://www.w3.org/1999/02/22-rdf-syntax-ns#type, http://example.org/Property), (Reference Architecture, http://www.w3.org/1999/02/22-rdf-syntax-ns#type, http://example.org/Contribution), (Yutong Zhao, http://www.w3.org/2000/01/rdf-schema#label, Yutong Zhao), (Constructing a Shared Infrastructure for Software Architecture Analysis and Maintenance, http://example.org/hasKind, full), (Reference Architecture, http://www.w3.org/2000/01/rdf-schema#label, Reference Architecture), (Nenad Medvidovic, http://www.w3.org/2000/01/rdf-schema#label, Nenad Medvidovic), (SpringerLink, http://www.w3.org/1999/02/22-rdf-syntax-ns#type, http://class.org/publisher), (Ibrahim Mujhid, http://www.w3.org/2000/01/rdf-schema#label, Ibrahim Mujhid), (Abstraction Layered Architecture: Writing Maintainable Embedded Code, http://example.org/hasHypotheses, It is possible to emerge a reference architecture that satisfies the principles of maintainable software without knowing the requirements.), (International Conference on Software Architecture (ICSA, http://www.w3.org/2000/01/rdf-schema#label, International Conference on Software Architecture (ICSA), (Product Quality, http://www.w3.org/2000/01/rdf-schema#label, Product Quality), (Constructing a Shared Infrastructure for Software Architecture Analysis and Maintenance, http://predicate.org/venue_type, Conference), (Constructing a Shared Infrastructure for Software Architecture Analysis and Maintenance, http://example.org/hasResearchLevel, Primary Research), (Ahmet Okutan, http://www.w3.org/2000/01/rdf-schema#label, Ahmet Okutan), (An Exploratory Study on Architectural Knowledge in Issue Tracking Systems, http://www.w3.org/1999/02/22-rdf-syntax-ns#type, http://schema.org/ScholarlyArticle), (Product Quality, http://example.org/examines, Portability), (An Exploratory Study on Architectural Knowledge in Issue Tracking Systems, http://example.org/hasResult, The most frequent textual variants for the most common AK concepts are explained in Tables 1, 2, and 3.), (http://ressource.org/evaluation_37, http://www.w3.org/1999/02/22-rdf-syntax-ns#type, http://example.org/Evaluation), (Product Quality, http://www.w3.org/1999/02/22-rdf-syntax-ns#type, http://example.org/Property), (http://ressource.org/evaluation_28, http://www.w3.org/1999/02/22-rdf-syntax-ns#type, http://example.org/Evaluation), (Product Quality, http://www.w3.org/2000/01/rdf-schema#label, Quality in Use), (Product Quality, http://www.w3.org/1999/02/22-rdf-syntax-ns#type, http://example.org/Property), (http://ressource.org/evaluation_28, http://example.org/hasEvaluationMethod, Motivating Example), (An Exploratory Study on Architectural Knowledge in Issue Tracking Systems, http://predicate.org/isbn, 978-3-030-86044-8), (An Exploratory Study on Architectural Knowledge in Issue Tracking Systems, http://example.org/hasResearchQuestion, Which AK concepts are commonly used by practitioners within architectural issues to discuss SADDs?), (An Exploratory Study on Architectural Knowledge in Issue Tracking Systems, http://example.org/hasResearchQuestion, Which AK concepts co-occur with each other when discussing SADDs in architectural issues?), (SpringerLink, http://www.w3.org/2000/01/rdf-schema#label, SpringerLink), (Architecting for Quality Attributes, http://www.w3.org/2000/01/rdf-schema#label, Architecting for Quality Attributes), (Common Textual Variants, http://example.org/hasDescription, Common textual variants for each AK concept in architectural issues to identify and search for AK concepts.), (Architecture Description, http://www.w3.org/1999/02/22-rdf-syntax-ns#type, http://example.org/ResearchObject), (http://ressource.org/evaluation_29, http://example.org/hasEvaluationMethod, Argumentation), (Product Quality, http://example.org/examines, Satisfaction), (http://ressource.org/evaluation_37, http://example.org/hasEvaluationMethod, Case Study), (Product Quality, http://www.w3.org/2000/01/rdf-schema#label, Product Quality), (Assessing Adaptability of Software Architectures for Cyber Physical Production Systems, http://www.w3.org/1999/02/22-rdf-syntax-ns#type, http://schema.org/ScholarlyArticle), (Product Quality, http://example.org/examines, Performanceefficiency), (Assessing Adaptability of Software Architectures for Cyber Physical Production Systems, http://predicate.org/volume, 11681)",0.9,1.0,0.99,0.9,0.17,0.06,0.23,1.0,0.0,0.0,30.369001150131226,0.0,0,112,0.0008645807251781257,Intel(R) Xeon(R) Gold 6258R CPU @ 2.70GHz,1,0.0011108561664618932,1 x Tesla V100S-PCIE-32GB,Linux-6.1.0-23-amd64-x86_64-with-glibc2.39,0.0007954494544604456,0.002770886346100465,2025-01-11T20:26:25,30.376321086019743,0.0010555691535469721,Which publications discuss the concept of reference architecture?,The publications that discuss the concept of Reference Architecture are 'Updating Service-Based Software Systems in Air-Gapped Environments' and 'Assessing Adaptability of Software Architectures for Cyber Physical Production Systems'. Both papers mention Reference Architecture as a key topic.,,,"['(Updating Service-Based Software Systems in Air-Gapped Environments, http://example.org/hasResearchObject, Reference Architecture)', '(Assessing Adaptability of Software Architectures for Cyber Physical Production Systems, http://example.org/hasResearchObject, Reference Architecture)']",clustering_strategy,,,"['String Operation', 'List/Combine']",String Operation is appropriate because the question requires identifying publications that mention the specific term 'reference architecture'. List/Combine is also relevant as the answer will likely involve enumerating multiple publications that discuss this concept.,"['Concept', 'Research']","The question is asking about publications that discuss the concept of reference architecture, which falls under the category of 'Concept' as it pertains to a specific idea in software architecture. Additionally, it relates to 'Research' since it seeks information on publications, indicating a need for research-related insights.",,,,
2,a7687c78bda324f1d0d15233073db0b2,50527f73-7896-43ad-8a15-6b9c613a402e,Which publications discuss the concept of Architecture Description Language?,The publications that discuss the concept of Architecture Description Language are: 1. 'Data-Driven Software Architecture for Analyzing Confidentiality' 2. 'Formally Describing Self-organizing Architectures for Systems-of-Systems on the Internet-of-Things' 3. 'Infrastructure-as-Code for Data-Intensive Architectures: A Model-Driven Development Approach'.,"['(Data-Driven Software Architecture for Analyzing Confidentiality, http://example.org/hasResearchObject, Architecture Description Language)', '(Formally Describing Self-organizing Architectures for Systems-of-Systems on the Internet-of-Things, http://example.org/hasResearchObject, Architecture Description Language)', '(Infrastructure-as-Code for Data-Intensive Architectures: A Model-Driven Development Approach, http://example.org/hasResearchObject, Architecture Description Language)']",,,clustering_strategy,,['String Operation'],String Operation is appropriate because the question requires identifying publications that mention the specific term 'Architecture Description Language'. The task involves searching for the presence of this phrase in the titles or content of publications.,"['Description', 'Concept', 'Research']","The question seeks to identify publications that provide definitions or descriptions of the Architecture Description Language, which falls under the 'Description' category. It also pertains to the conceptual understanding of the language, thus fitting the 'Concept' category. Additionally, it relates to research as it inquires about scholarly publications discussing this topic.",,,,"1. The study titled ""Continuously Modeling Software Design Difference from Code Revisions"" employs an Architecture Description Language for its research object and the evaluation of this approach is classified as an Evaluation type. [Reference: Continuously Modeling Software Design Difference from Code Revisions, no authors or publication provided]

2-9. The paper titled ""Semantic Differencing for Message-Driven Component & Connector Architectures"" presents an Architecture Description Language and an Architecture Analysis Method. [Reference: Semantic Differencing for Message-Driven Component & Connector Architectures, no authors or publication provided]

10. The research object ""Formally Describing Self-organizing Architectures for Systems-of-Systems on the Internet-of-Things"" is described using an Architecture Description Language. This paper was published at the European Conference on Software Architecture (ECSA) and IEEE System-of-Systems Engineering Conference (SoSE) 2016, 2017. [Reference: 'Fl{\\'{a}}vio Oquendo', '2016', 'IEEE System-of-Systems Engineering Conference (SoSE', ''] and ['Fl{\\'{a}}vio Oquendo', '2018', 'European Conference on Software Architecture (ECSA', '']

5. The provided texts do not explicitly discuss the concept of Architecture Description Language (ADL). However, they focus on Architectural Knowledge (AK) and its representation within Issue Tracking Systems, particularly in relation to Software Architecture Design Decisions (SADDs). [Reference: Not provided]

",", (Architecture Description Language, http://www.w3.org/2000/01/rdf-schema#label, Architecture Description Language), (Architecture Description Language, http://www.w3.org/2000/01/rdf-schema#label, Architecture Description Language), (['Architecture Description Language', 'Architecture Analysis Method'], http://www.w3.org/1999/02/22-rdf-syntax-ns#type, http://example.org/ResearchObject), (['Architecture Description Language', 'Architecture Analysis Method'], http://www.w3.org/2000/01/rdf-schema#label, ['Architecture Description Language', 'Architecture Analysis Method']), (Architecture Description Language, http://www.w3.org/1999/02/22-rdf-syntax-ns#type, http://example.org/ResearchObject), (http://ressource.org/evaluation_19, http://example.org/hasEvaluationMethod, Technical Experiment), (Product Quality, http://www.w3.org/2000/01/rdf-schema#label, Product Quality), (Product Quality, http://example.org/examines, Satisfaction), (Architecture Description Language, http://www.w3.org/2000/01/rdf-schema#label, Architecture Description Language), (http://ressource.org/evaluation_18, http://example.org/hasEvaluationMethod, Case Study), (An Exploratory Study on Architectural Knowledge in Issue Tracking Systems, http://example.org/hasResearchQuestion, How are AK concepts textually represented within architectural issues that discuss SADDs?), (Product Quality, http://example.org/examines, FunctionalSuitability), (Product Quality, http://example.org/examines, FunctionalSuitability), (Product Quality, http://www.w3.org/2000/01/rdf-schema#label, Quality in Use), (Product Quality, http://example.org/examines, Effectiveness), (Product Quality, http://example.org/examines, Performanceefficiency), (http://ressource.org/evaluation_32, http://www.w3.org/1999/02/22-rdf-syntax-ns#type, http://example.org/Evaluation), (Product Quality, http://www.w3.org/2000/01/rdf-schema#label, Product Quality), (Product Quality, http://www.w3.org/2000/01/rdf-schema#label, Product Quality), (Product Quality, http://example.org/examines, FunctionalSuitability), (Product Quality, http://example.org/examines, Performanceefficiency), (http://ressource.org/evaluation_35, http://example.org/hasEvaluationMethod, Technical Experiment), (Product Quality, http://example.org/examines, Usability), (Product Quality, http://www.w3.org/1999/02/22-rdf-syntax-ns#type, http://example.org/Property), (http://ressource.org/evaluation_32, http://example.org/hasEvaluationMethod, Technical Experiment), (Product Quality, http://example.org/examines, Performanceefficiency), (Architecture Description Language, http://www.w3.org/1999/02/22-rdf-syntax-ns#type, http://example.org/ResearchObject), (Product Quality, http://www.w3.org/1999/02/22-rdf-syntax-ns#type, http://example.org/Property), (http://ressource.org/evaluation_0, http://example.org/hasEvaluationMethod, Case Study), (Product Quality, http://www.w3.org/2000/01/rdf-schema#label, Product Quality), (http://ressource.org/evaluation_34, http://www.w3.org/1999/02/22-rdf-syntax-ns#type, http://example.org/Evaluation), (Product Quality, http://example.org/examines, Satisfaction), (http://ressource.org/evaluation_33, http://example.org/hasEvaluationMethod, Verification), (Product Quality, http://www.w3.org/2000/01/rdf-schema#label, Quality in Use), (http://ressource.org/evaluation_34, http://example.org/hasEvaluationMethod, Controlled Experiment), (Architecture Description, http://www.w3.org/1999/02/22-rdf-syntax-ns#type, http://example.org/ResearchObject), (http://ressource.org/evaluation_0, http://www.w3.org/1999/02/22-rdf-syntax-ns#type, http://example.org/Evaluation), (Architecture Description Language, http://www.w3.org/1999/02/22-rdf-syntax-ns#type, http://example.org/ResearchObject), (SpringerLink, http://www.w3.org/1999/02/22-rdf-syntax-ns#type, http://class.org/publisher), (Product Quality, http://www.w3.org/1999/02/22-rdf-syntax-ns#type, http://example.org/Property), (An Exploratory Study on Architectural Knowledge in Issue Tracking Systems, http://predicate.org/isbn, 978-3-030-86044-8), (MontiArcAutomaton, http://example.org/hasDescription, A component connector ADL used for modeling software architectures and checking refinement on a push-button basis.), (An Exploratory Study on Architectural Knowledge in Issue Tracking Systems, http://example.org/hasResearchQuestion, Which AK concepts are commonly used by practitioners within architectural issues to discuss SADDs?), (An Exploratory Study on Architectural Knowledge in Issue Tracking Systems, http://example.org/hasResearchQuestion, Which AK concepts co-occur with each other when discussing SADDs in architectural issues?), (SpringerLink, http://www.w3.org/2000/01/rdf-schema#label, SpringerLink), (An Exploratory Study on Architectural Knowledge in Issue Tracking Systems, http://www.w3.org/1999/02/22-rdf-syntax-ns#type, http://schema.org/ScholarlyArticle), (Product Quality, http://example.org/examines, FunctionalSuitability), (Architectural component behavior (CB), http://example.org/hasDescription, Describes the behavior of an architecture component, including the implemented logic and complexity.), (An Exploratory Study on Architectural Knowledge in Issue Tracking Systems, http://example.org/hasResult, Architectural solutions on component design present the majority of AK concepts in architectural issues.), (SpringerLink, http://www.w3.org/1999/02/22-rdf-syntax-ns#type, http://class.org/publisher)",1.0,1.0,0.0,0.85,0.19,0.05,0.2,1.0,0.0,0.0,54.049837589263916,0.0,0,112,0.0015389411748286674,Intel(R) Xeon(R) Gold 6258R CPU @ 2.70GHz,1,0.0025635587175125707,1 x Tesla V100S-PCIE-32GB,Linux-6.1.0-23-amd64-x86_64-with-glibc2.39,0.0014152014455088378,0.005517701337850076,2025-01-11T20:28:34,54.0620545920101,0.0021019683246539865,Which publications discuss the concept of Architecture Description Language?,The publications that discuss the concept of Architecture Description Language are: 1. 'Data-Driven Software Architecture for Analyzing Confidentiality' 2. 'Formally Describing Self-organizing Architectures for Systems-of-Systems on the Internet-of-Things' 3. 'Infrastructure-as-Code for Data-Intensive Architectures: A Model-Driven Development Approach'.,,,"['(Data-Driven Software Architecture for Analyzing Confidentiality, http://example.org/hasResearchObject, Architecture Description Language)', '(Formally Describing Self-organizing Architectures for Systems-of-Systems on the Internet-of-Things, http://example.org/hasResearchObject, Architecture Description Language)', '(Infrastructure-as-Code for Data-Intensive Architectures: A Model-Driven Development Approach, http://example.org/hasResearchObject, Architecture Description Language)']",clustering_strategy,,,['String Operation'],String Operation is appropriate because the question requires identifying publications that mention the specific term 'Architecture Description Language'. The task involves searching for the presence of this phrase in the titles or content of publications.,"['Description', 'Concept', 'Research']","The question seeks to identify publications that provide definitions or descriptions of the Architecture Description Language, which falls under the 'Description' category. It also pertains to the conceptual understanding of the language, thus fitting the 'Concept' category. Additionally, it relates to research as it inquires about scholarly publications discussing this topic.",,,,
3,a7687c78bda324f1d0d15233073db0b2,d56ba8f9-44c8-4900-a4bb-27ef65cb9594,Which publications discuss architectural aspects related to data protection by design?,"The publications that discuss architectural aspects related to data protection by design include the paper titled ""An Architectural View for Data Protection by Design"". Additionally, the paper titled ""Architectural Security Weaknesses in Industrial Control Systems (ICS) an Empirical Study Based on Disclosed Software Vulnerabilities"" also addresses architectural aspects, although it focuses on security weaknesses rather than data protection specifically.","['(An Architectural View for Data Protection by Design, http://example.org/hasResearchObject, Architectural Aspects)', '(Architectural Security Weaknesses in Industrial Control Systems (ICS) an Empirical Study Based on Disclosed Software Vulnerabilities, http://example.org/hasResearchObject, Architectural Aspects)']",,,clustering_strategy,,"['List/Combine', 'String Operation']",List/Combine is appropriate because the question seeks to identify and enumerate publications that discuss specific architectural aspects related to data protection by design. String Operation is also relevant as it may involve searching for specific keywords or phrases related to 'architectural aspects' and 'data protection by design' in the titles or abstracts of the publications.,"['Research', 'Concept', 'Procedure']","The question seeks to identify publications that address architectural aspects of data protection by design, which falls under research as it pertains to exploring existing literature. It also relates to concepts in software architecture and procedures that may be involved in implementing data protection strategies.",,,,"1. The publications that discuss architectural aspects related to data protection by design include:

   - A paper titled ""An Architectural View for Data Protection by Design,"" published at the IEEE International Conference on Software Architecture (ICSA) in 2019 [ID: 1].
   - Another study titled ""Data Protection by Design"" whose specific details are not provided in the context given [ID: 2].
   - A paper titled ""Predicting the Performance of Privacy-Preserving Data Analytics Using Architecture Modelling and Simulation,"" which focuses on privacy-preserving data analytics, a form of data protection by design [ID: 3].
   - The paper titled ""Flaws in Flows: Unveiling Design Flaws via Information Flow Analysis"" that discusses architectural aspects related to data protection by design as it focuses on ensuring data confidentiality and integrity at the design model level, introducing an intuitive graphical notation for security analysis, and proposing a methodology applicable in the realm of privacy [ID: 4].
   - A study whose title is not specified but focuses on designing systems with security in mind, which can be interpreted as a form of data protection by design [ID: 5].

2. To find additional publications discussing architectural aspects related to data protection by design, one could look for studies focusing on privacy-preserving architecture or secure-by-design Industrial Control Systems (ICS). For example, a hypothetical study titled ""Designing Privacy-Preserving Architectures for Industrial Control Systems"" would explicitly address this topic.

",", (An Architectural View for Data Protection by Design, http://www.w3.org/2000/01/rdf-schema#label, An Architectural View for Data Protection by Design), (An Architectural View for Data Protection by Design, http://schema.org/datePublished, 2019), (Architectural Viewpoint for Data Protection, http://www.w3.org/2000/01/rdf-schema#label, Architectural Viewpoint for Data Protection), (Data Protection Impact Assessment (DPIA), http://www.w3.org/2000/01/rdf-schema#label, Data Protection Impact Assessment (DPIA)), (Data Protection View Integration, http://example.org/hasDescription, The integration of the data protection view with technical architectural views to ensure compliance and track mitigations.), (An Architectural View for Data Protection by Design, http://predicate.org/venue_type, Conference), (An Architectural View for Data Protection by Design, http://www.w3.org/1999/02/22-rdf-syntax-ns#type, http://schema.org/ScholarlyArticle), (Data Protection by Design (DPbD), http://www.w3.org/2000/01/rdf-schema#label, Data Protection by Design (DPbD)), (Architectural Aspects, http://www.w3.org/2000/01/rdf-schema#label, Architectural Aspects), (Validation in Real-World Context, http://www.w3.org/2000/01/rdf-schema#label, Validation in Real-World Context), (Data-Driven Software Architecture for Analyzing Confidentiality, http://predicate.org/doi, 10.1109/ICSA.2019.00009), (Architectural Decision Making Support, http://www.w3.org/2000/01/rdf-schema#label, Architectural Decision Making Support), (Predicting the Performance of Privacy-Preserving Data Analytics Using Architecture Modelling and Simulation, http://www.w3.org/1999/02/22-rdf-syntax-ns#type, http://schema.org/ScholarlyArticle), (Architectural Performance Modelling, http://www.w3.org/2000/01/rdf-schema#label, Architectural Performance Modelling), (Hye-Young Paik, http://www.w3.org/2000/01/rdf-schema#label, Hye-Young Paik), (http://ressource.org/evaluation_9, http://example.org/hasEvaluationMethod, Case Study), (Architectural Performance Modelling, http://example.org/hasDescription, A method used to predict the performance of privacy-preserving data analytics systems based on architectural characteristics and resource utilization.), (Product Quality, http://www.w3.org/2000/01/rdf-schema#label, Product Quality), (Architecture Description Language, http://www.w3.org/2000/01/rdf-schema#label, Architecture Description Language), (Architectural Performance Modelling, http://www.w3.org/1999/02/22-rdf-syntax-ns#type, http://example.org/Method), (Product Quality, http://www.w3.org/1999/02/22-rdf-syntax-ns#type, http://example.org/Property), (Architectural Assumptions, http://www.w3.org/2000/01/rdf-schema#label, Architectural Assumptions), (Architecture Analysis Method, http://www.w3.org/2000/01/rdf-schema#label, Architecture Analysis Method), (http://ressource.org/evaluation_5, http://www.w3.org/1999/02/22-rdf-syntax-ns#type, http://example.org/Evaluation), (Quality of Method, http://www.w3.org/1999/02/22-rdf-syntax-ns#type, http://example.org/Property), (Quality of Method, http://www.w3.org/2000/01/rdf-schema#label, Quality of Method), (Palladio Component Model (PCM), http://www.w3.org/2000/01/rdf-schema#label, Palladio Component Model (PCM)), (Quality of Method, http://example.org/examines, Accuracy), (Ralf Reussner, http://www.w3.org/2000/01/rdf-schema#label, Ralf Reussner), (Data-Driven Software Architecture for Analyzing Confidentiality, http://example.org/hasResearchQuestion, How can confidentiality constraints be systematically defined and analyzed in software architecture?), (Security-centric information flow analysis, http://example.org/hasDescription, A formal approach to analyze security policies at the design model level, focusing on data confidentiality and integrity.), (Architectural Security Weaknesses in Industrial Control Systems (ICS) an Empirical Study Based on Disclosed Software Vulnerabilities, http://www.w3.org/1999/02/22-rdf-syntax-ns#type, http://schema.org/ScholarlyArticle), (Lightweight extension of DFDs, http://example.org/hasDescription, An enhancement to the modeling capabilities of DFDs that allows designers to specify security policies for information assets.), (Flaws in Flows: Unveiling Design Flaws via Information Flow Analysis, http://example.org/hasResearchQuestion, How can security-centric information flow policies be analyzed at the design model level?), (Flaws in Flows: Unveiling Design Flaws via Information Flow Analysis, http://example.org/hasConclusion, The approach can also be used in the context of privacy to analyze unintended flows of personal information in a system.), (Architectural Aspects, http://www.w3.org/1999/02/22-rdf-syntax-ns#type, http://example.org/ResearchObject), (Product Quality, http://www.w3.org/1999/02/22-rdf-syntax-ns#type, http://example.org/Property), (Riccardo Scandariato, http://www.w3.org/2000/01/rdf-schema#label, Riccardo Scandariato), (Architectural Aspects, http://www.w3.org/2000/01/rdf-schema#label, Architectural Aspects), (Danielle Gonzalez, http://www.w3.org/2000/01/rdf-schema#label, Danielle Gonzalez), (Security-centric information flow analysis, http://www.w3.org/2000/01/rdf-schema#label, Security-centric information flow analysis), (Danielle Gonzalez, http://www.w3.org/1999/02/22-rdf-syntax-ns#type, http://schema.org/Person), (Confidentiality, http://www.w3.org/2000/01/rdf-schema#label, Confidentiality), (Architectural Security Weaknesses in Industrial Control Systems (ICS) an Empirical Study Based on Disclosed Software Vulnerabilities, http://example.org/hasResearchLevel, Primary Research), (Intuitive graphical notation for security analysis, http://example.org/hasDescription, A graphical notation based on Data Flow Diagrams that simplifies the process for designers with limited formal background.), (Product Quality, http://example.org/examines, Security), (Katja Tuma, http://www.w3.org/2000/01/rdf-schema#label, Katja Tuma), (Product Quality, http://www.w3.org/1999/02/22-rdf-syntax-ns#type, http://example.org/Property), (Product Quality, http://www.w3.org/2000/01/rdf-schema#label, Product Quality), (Mapping of Vulnerabilities, http://www.w3.org/1999/02/22-rdf-syntax-ns#type, http://example.org/Contribution)",0.97,1.0,0.96,0.93,0.24,0.12,0.25,1.0,0.0,0.0,38.862401485443115,0.0,0,112,0.0011064748695537776,Intel(R) Xeon(R) Gold 6258R CPU @ 2.70GHz,1,0.0016092426762828183,1 x Tesla V100S-PCIE-32GB,Linux-6.1.0-23-amd64-x86_64-with-glibc2.39,0.0010179495008144405,0.0037336670466510363,2025-01-11T20:30:27,38.8724278480513,0.0014223404614217123,Which publications discuss architectural aspects related to data protection by design?,"The publications that discuss architectural aspects related to data protection by design include the paper titled ""An Architectural View for Data Protection by Design"". Additionally, the paper titled ""Architectural Security Weaknesses in Industrial Control Systems (ICS) an Empirical Study Based on Disclosed Software Vulnerabilities"" also addresses architectural aspects, although it focuses on security weaknesses rather than data protection specifically.",,,"['(An Architectural View for Data Protection by Design, http://example.org/hasResearchObject, Architectural Aspects)', '(Architectural Security Weaknesses in Industrial Control Systems (ICS) an Empirical Study Based on Disclosed Software Vulnerabilities, http://example.org/hasResearchObject, Architectural Aspects)']",clustering_strategy,,,"['List/Combine', 'String Operation']",List/Combine is appropriate because the question seeks to identify and enumerate publications that discuss specific architectural aspects related to data protection by design. String Operation is also relevant as it may involve searching for specific keywords or phrases related to 'architectural aspects' and 'data protection by design' in the titles or abstracts of the publications.,"['Research', 'Concept', 'Procedure']","The question seeks to identify publications that address architectural aspects of data protection by design, which falls under research as it pertains to exploring existing literature. It also relates to concepts in software architecture and procedures that may be involved in implementing data protection strategies.",,,,
4,a7687c78bda324f1d0d15233073db0b2,7077bd9f-00dd-41a0-a8e9-352c27545e2a,Which publications discuss the architecture design method?,The following publications discuss the Architecture Design Method: 1. Microservice Ambients: An Architectural Meta-Modelling Approach for Microservice Granularity 2. REST vs GraphQL: A Controlled Experiment 3. A Complexity Metric for Microservices Architecture Migration 4. A Goal-Driven Approach for Deploying Self-Adaptive IoT Systems 5. A Survey on Big Data Analytics Solutions Deployment 6. A Runtime Safety Enforcement Approach by Monitoring and Adaptation.,"['(Microservice Ambients: An Architectural Meta-Modelling Approach for Microservice Granularity, http://example.org/hasResearchObject, Architecture Design Method)', '(REST vs GraphQL: A Controlled Experiment, http://example.org/hasResearchObject, Architecture Design Method)', '(A Complexity Metric for Microservices Architecture Migration, http://example.org/hasResearchObject, Architecture Design Method)', '(A Goal-Driven Approach for Deploying Self-Adaptive IoT Systems, http://example.org/hasResearchObject, Architecture Design Method)', '(A Survey on Big Data Analytics Solutions Deployment, http://example.org/hasResearchObject, Architecture Design Method)', '(A Runtime Safety Enforcement Approach by Monitoring and Adaptation, http://example.org/hasResearchObject, Architecture Design Method)']",,,clustering_strategy,,['String Operation'],"String Operation is appropriate because the question requires identifying publications that mention a specific term, 'architecture design method', in their content. The task involves searching for the presence of this phrase in the titles or abstracts of the publications.","['Methodology', 'Research']","The question seeks information about publications related to a specific method in architecture design, which falls under the category of Methodology. Additionally, it implies a search for research-related content, thus also fitting the Research category.",,,,"1. The publications ""Microservice Ambients: An Architectural Meta-Modelling Approach for Microservice Granularity"" (2017, International Conference on Software Architecture (ICSA)) [1], ""Ambient-prisma: Ambients in mobile aspect-oriented software architecture"" (N.Ali, I.Ramos, and C.Sols, 2010) [1], and ""Runtime Safety Enforcement Approach by Monitoring and Adaptation"" [3] discuss an Architecture Design Method.

2. The research paper titled ""REST vs GraphQL: A Controlled Experiment"" [2] discusses the architecture design method employed, while other texts provide related context or background information that may have influenced the choice of architecture design method but do not explicitly discuss it.

3. The research object, ""A Complexity Metric for Microservices Architecture Migration,"" is associated with an Architecture Design Method [4]. However, none of the provided texts directly discuss this specific architecture design method.

4. The study titled ""An Exploratory Study of Naturalistic Decision Making in Complex Software Architecture Environments"" [5] indirectly touches upon the architecture design method by discussing various aspects related to software architecture, decision-making in complex environments, and the challenges faced during the architecting process.

[1] Source: Microservice Ambients: An Architectural Meta-Modelling Approach for Microservice Granularity, 10.1109/ICSA.2017.32
[2] Source: REST vs GraphQL: A Controlled Experiment, 10.1109/ICSA47634.2020.00016
[3] Source: A Runtime Safety Enforcement Approach by Monitoring and Adaptation, 10.1007/978-3-030-86044-8_2
[4] Source: A Complexity Metric for Microservices Architecture Migration, 10.1109/ICSA47634.2020.00024
[5] Source: An Exploratory Study of Naturalistic Decision Making in Complex Software Architecture Environments, 10.1007/978-3-030-29983-5_4
",", (Architecture Design Method, http://www.w3.org/2000/01/rdf-schema#label, Architecture Design Method), (Architecture Design Method, http://www.w3.org/2000/01/rdf-schema#label, Architecture Design Method), (Architecture Design Method, http://www.w3.org/2000/01/rdf-schema#label, Architecture Design Method), (Architecture Design Method, http://www.w3.org/2000/01/rdf-schema#label, Architecture Design Method), (Recommendations for Architects, http://example.org/hasDescription, The paper proposes recommendations for architects based on the findings related to NDM and architecture decision-making.), (Architecture Design Method, http://www.w3.org/1999/02/22-rdf-syntax-ns#type, http://example.org/ResearchObject), (Architecture Decision Making, http://www.w3.org/1999/02/22-rdf-syntax-ns#type, http://example.org/ResearchObject), (Recommendations for Architects, http://www.w3.org/2000/01/rdf-schema#label, Recommendations for Architects), (http://ressource.org/evaluation_1, http://example.org/hasFirstEvaluation, Referenced Evaluation Guideline), (An Exploratory Study of Naturalistic Decision Making in Complex Software Architecture Environments, http://predicate.org/volume, 11681), (An Exploratory Study of Naturalistic Decision Making in Complex Software Architecture Environments, http://example.org/proposesFutureResearch, Further research is needed into how experienced architects approach decision-making under novel conditions.), (Software Architecture in Development Process, http://www.w3.org/1999/02/22-rdf-syntax-ns#type, http://class.org/research_field), (SpringerLink, http://www.w3.org/2000/01/rdf-schema#label, SpringerLink), (Focus Groups, http://example.org/hasDescription, Follow-up data collection method involving focus groups to gather more qualitative data about architecture decision-making.), (An Exploratory Study of Naturalistic Decision Making in Complex Software Architecture Environments, http://example.org/addressesProblem, The shift to agile development has made the process of architecting system infrastructure less obvious; as an architect noted: Agile hasnt given an adequate answer to scaffolding or to infrastructure), (Architecture Decision Making, http://www.w3.org/2000/01/rdf-schema#label, Architecture Decision Making), (Architectural Configuration Modelling, http://www.w3.org/2000/01/rdf-schema#label, Architectural Configuration Modelling), (Architecture Design Method, http://www.w3.org/1999/02/22-rdf-syntax-ns#type, http://example.org/ResearchObject), (Product Quality, http://www.w3.org/2000/01/rdf-schema#label, Product Quality), (Architecture Design Method, http://www.w3.org/1999/02/22-rdf-syntax-ns#type, http://example.org/ResearchObject), (Product Quality, http://example.org/examines, FunctionalSuitability), (Product Quality, http://www.w3.org/1999/02/22-rdf-syntax-ns#type, http://example.org/Property), (Architecture Design Method, http://www.w3.org/1999/02/22-rdf-syntax-ns#type, http://example.org/ResearchObject), (http://ressource.org/evaluation_4, http://example.org/hasEvaluationMethod, Motivating Example), (Microservice Ambients: An Architectural Meta-Modelling Approach for Microservice Granularity, http://www.w3.org/1999/02/22-rdf-syntax-ns#type, http://schema.org/ScholarlyArticle), (Product Quality, http://example.org/examines, FunctionalSuitability), (Aspect-Oriented Modelling, http://www.w3.org/1999/02/22-rdf-syntax-ns#type, http://example.org/Method), (Product Quality, http://example.org/examines, Portability), (Product Quality, http://www.w3.org/2000/01/rdf-schema#label, Product Quality), (Product Quality, http://www.w3.org/1999/02/22-rdf-syntax-ns#type, http://example.org/Property), (Product Quality, http://www.w3.org/1999/02/22-rdf-syntax-ns#type, http://example.org/Property), (http://ressource.org/evaluation_12, http://www.w3.org/1999/02/22-rdf-syntax-ns#type, http://example.org/Evaluation), (Product Quality, http://example.org/examines, FunctionalSuitability), (Product Quality, http://www.w3.org/2000/01/rdf-schema#label, Product Quality), (http://ressource.org/evaluation_12, http://example.org/hasEvaluationMethod, Technical Experiment), (http://ressource.org/evaluation_31, http://www.w3.org/1999/02/22-rdf-syntax-ns#type, http://example.org/Evaluation), (http://ressource.org/evaluation_31, http://example.org/hasEvaluationMethod, Motivating Example), (International Conference on Software Architecture (ICSA, http://www.w3.org/1999/02/22-rdf-syntax-ns#type, http://class.org/venue), (International Conference on Software Architecture (ICSA, http://www.w3.org/1999/02/22-rdf-syntax-ns#type, http://class.org/venue), (A Complexity Metric for Microservices Architecture Migration, http://www.w3.org/1999/02/22-rdf-syntax-ns#type, http://schema.org/ScholarlyArticle), (Complexity Metric, http://www.w3.org/1999/02/22-rdf-syntax-ns#type, http://example.org/Method), (http://ressource.org/evaluation_1, http://www.w3.org/1999/02/22-rdf-syntax-ns#type, http://example.org/Evaluation), (European Conference on Software Architecture (ECSA, http://www.w3.org/1999/02/22-rdf-syntax-ns#type, http://class.org/venue), (REST vs GraphQL: A Controlled Experiment, http://www.w3.org/1999/02/22-rdf-syntax-ns#type, http://schema.org/ScholarlyArticle), (Architectures for Reconfigurable and Self-Adaptive Systems, http://www.w3.org/2000/01/rdf-schema#label, Architectures for Reconfigurable and Self-Adaptive Systems), (REST, http://example.org/hasDescription, An architectural style for implementing distributed systems, defining a set of constraints intended to improve performance, availability, and scalability.), (Architectures for Reconfigurable and Self-Adaptive Systems, http://www.w3.org/1999/02/22-rdf-syntax-ns#type, http://class.org/research_field), (International Conference on Software Architecture (ICSA, http://www.w3.org/2000/01/rdf-schema#label, International Conference on Software Architecture (ICSA), (IEEE, http://www.w3.org/1999/02/22-rdf-syntax-ns#type, http://class.org/publisher), (REST vs GraphQL: A Controlled Experiment, http://predicate.org/venue_type, Conference)",0.94,1.0,0.0,0.88,0.19,0.1,0.25,1.0,0.0,0.0,44.38000226020813,0.0,0,112,0.0012638994160532296,Intel(R) Xeon(R) Gold 6258R CPU @ 2.70GHz,1,0.001984602143235925,1 x Tesla V100S-PCIE-32GB,Linux-6.1.0-23-amd64-x86_64-with-glibc2.39,0.0011628503764848938,0.0044113519357740485,2025-01-11T20:32:26,44.399743368965574,0.0016805045199331239,Which publications discuss the architecture design method?,The following publications discuss the Architecture Design Method: 1. Microservice Ambients: An Architectural Meta-Modelling Approach for Microservice Granularity 2. REST vs GraphQL: A Controlled Experiment 3. A Complexity Metric for Microservices Architecture Migration 4. A Goal-Driven Approach for Deploying Self-Adaptive IoT Systems 5. A Survey on Big Data Analytics Solutions Deployment 6. A Runtime Safety Enforcement Approach by Monitoring and Adaptation.,,,"['(Microservice Ambients: An Architectural Meta-Modelling Approach for Microservice Granularity, http://example.org/hasResearchObject, Architecture Design Method)', '(REST vs GraphQL: A Controlled Experiment, http://example.org/hasResearchObject, Architecture Design Method)', '(A Complexity Metric for Microservices Architecture Migration, http://example.org/hasResearchObject, Architecture Design Method)', '(A Goal-Driven Approach for Deploying Self-Adaptive IoT Systems, http://example.org/hasResearchObject, Architecture Design Method)', '(A Survey on Big Data Analytics Solutions Deployment, http://example.org/hasResearchObject, Architecture Design Method)', '(A Runtime Safety Enforcement Approach by Monitoring and Adaptation, http://example.org/hasResearchObject, Architecture Design Method)']",clustering_strategy,,,['String Operation'],"String Operation is appropriate because the question requires identifying publications that mention a specific term, 'architecture design method', in their content. The task involves searching for the presence of this phrase in the titles or abstracts of the publications.","['Methodology', 'Research']","The question seeks information about publications related to a specific method in architecture design, which falls under the category of Methodology. Additionally, it implies a search for research-related content, thus also fitting the Research category.",,,,
